「4WD-クリムゾン・コメット」,「4WD-クリムゾン・コメット」
「4WD-ストリート・レジェンド」,「4WD-ストリート・レジェンド」
「4WD-ウェイストランド・ナイト」,「4WD-ウェイストランド・ナイト」
"「いたずら大好き」""Itazura Daisuki""",「いたずら大好き」
"「巻き戻し」""Maki Modoshi""",「巻き戻し」
"「元から何もなかった」""Moto kara Nanimo nagatta""",「元から何もなかった」
"「計画通り」じゃない""Kēkaku Tori"" Janai",「計画通り」じゃない
"「ンナナ」棋聞録""Nnana"" Kibunroku",「ンナナ」棋聞録
"棚から「ンナンナ」Tanakara ""Nna Nna""",棚から「ンナンナ」
「初めてのステージ」_JP0D,「初めてのステージ」
ジョイアスJoiasu,ジョイアス
リュシア・エロウェンRyushia Erouen,リュシア・エロウェン
"「パエトーン」""Paetōn""",「パエトーン」
"「ロジャー」""Rojā""",「ロジャー」
イドリー・マーフィーIdorī Māfī,イドリー・マーフィー
"「サンブリンガー」""Sanburingā""",「サンブリンガー」
"「形のある記念」""Kata no Aru Kinen""",「形のある記念」
"「魔女」裁判""Majo"" Saiban",「魔女」裁判
カードKādo,カード
[逆境]ダブルサイド注射器[Gyakkyou] Daburu Saido Chūshaki,[逆境]ダブルサイド注射器
[適合]17件のチェック項目[Tekigō] Jyūnanaken no Chekku Kōmoku,[適合]17件のチェック項目
[適合]俳句剣術[Tekigō] Haiku Kenjutsu,[適合]俳句剣術
[適合]処刑用BGM、ON,[適合]処刑用BGM、ON
[適合]シルバーハート・レゾナンス[Tekigō] Shirubāhāto - Rezonansu,[適合]シルバーハート・レゾナンス
[ギフトコード]射出式VIP席,[ギフトコード]射出式VIP席
【依頼】オレっちの「爺i」には自我がある。しかもかなり意識高め,【依頼】オレっちの「爺i」には自我がある。しかもかなり意識高め
[製造]ネイ[Sēzō] Nei,[製造]ネイ
[製造]マツ[Sēzō] Matsu,[製造]マツ
[製造]サク[Sēzō] Saku,[製造]サク
[会心]レゾサイン[Kaishin] Rezosain,[会心]レゾサイン
[会心]パニックダイナマイト[Kaishin] Panikkudainamaito,[会心]パニックダイナマイト
[会心]清算の使者[Kaishin] Sēsan no Shisha,[会心]清算の使者
[会心]ガトリング砲[Kaishin] Gatoringuhō,[会心]ガトリング砲
[会心]高性能手榴弾[Kaishin] Kōsēnō Jyuryudan,[会心]高性能手榴弾
[会心]レーザースコープ[Kaishin] Rēzāsukōpu,[会心]レーザースコープ
[会心]軽量銃床[Kaishin] Kēryo Jyusho,[会心]軽量銃床
[会心]コンペンセイター[Kaishin] Conpensētā,[会心]コンペンセイター
[会心]RPGロケット弾[Kaishin] RPG Rokettodan,[会心]RPGロケット弾
[会心]ソードオフショットガン[Kaishin] Sōdoofushottogan,[会心]ソードオフショットガン
[会心]ライフルスコープ[Kaishin] Raifurusukōpu,[会心]ライフルスコープ
[会心]予備マガジン[Kaishin] Yobimagajin,[会心]予備マガジン
[会心]軍用ゴーグル[Kaishin] Gunyōgōguru,[会心]軍用ゴーグル
[会心]武器箱[Kaishin] Bukibako,[会心]武器箱
[機敏]最先端のシャーシ[Kimin] Saisentan no Shāshi,[機敏]最先端のシャーシ
[決闘]トンファー[Kettō] Tonfā,[決闘]トンファー
[エネルギー]ネオンコーラ[Enerugi] Neonkōra,[エネルギー]ネオンコーラ
[エネルギー]覚醒タウリン[Enerugi] Kakusē Taurin,[エネルギー]覚醒タウリン
[エネルギー]紅男爵・シークレット[Enerugi] Benidanjyaku - Shīkuretto,[エネルギー]紅男爵・シークレット
[ホロウ]航空宇宙開発区[Horō] Kōkū Uchū Kaihatsuku,[ホロウ]航空宇宙開発区
[ホロウ]付録CD,[ホロウ]付録CD
[ホロウ][Horō],[ホロウ]
[着火]電気BBQグリル,[着火]電気BBQグリル
【重要】調査員予備校、受講生を絶賛募集中！PS：授業用のホロウ内実戦ビデオ買い取ります,【重要】調査員予備校、受講生を絶賛募集中！PS：授業用のホロウ内実戦ビデオ買い取ります
【情報】また衛非地区に事件！今度はTOPSへの抗議活動だって！,【情報】また衛非地区に事件！今度はTOPSへの抗議活動だって！
【雑談】ポーセルメックスのCEOが失脚したって？,【雑談】ポーセルメックスのCEOが失脚したって？
【雑談】懸賞金SUGEEEEE,【雑談】懸賞金SUGEEEEE
【雑談】スターループVIPボックス席写真！,【雑談】スターループVIPボックス席写真！
【雑談】カッコいいプロキシID募集中,【雑談】カッコいいプロキシID募集中
シマシマエビShimashimaebi,シマシマエビ
[感電]EMPグレネード,[感電]EMPグレネード
"「激流」-銃型""Gekiryu"" - Jyūgata",「激流」-銃型
「0WD-フロストエッジ」,「0WD-フロストエッジ」
"「11号」""Jūichi Gō""",「11号」
"「141」エコ・プロジェクト""141"" Eko Purojekuto",「141」エコ・プロジェクト
「1WD-シティハンター」,「1WD-シティハンター」
アオAo,アオ
アナンAnan,アナン
朔Saku[!][!]Assumed reading,朔
テイTei,テイ
ツキTsuki,ツキ
"「妄想エンジェル」""Mōsō Enjeru""",「妄想エンジェル」
遠方からのSOS,遠方からのSOS
約束された正夢Yakusoku sa Reta Masayume,約束された正夢
"試練、偽りを以て真を乱すShiren, Itsuwari wo Motte Shin wo Midasu",試練、偽りを以て真を乱す
ある紳士の訪問Arushinshi no Hōmon,ある紳士の訪問
愛の儀式は命懸けAi no Gishiki wa Inochigake,愛の儀式は命懸け
メイドちゃんと新年の記念Meido Chan to Shinnen no Kinen,メイドちゃんと新年の記念
オフィスの愛を守るためOfisu no Ai wo Mamorutame,オフィスの愛を守るため
ほっとするひと時Hottosuru Hitotoki,ほっとするひと時
謎のメールNazo no Mēru,謎のメール
此処に眠る者Koko ni Nemuru Mono,此処に眠る者
兵士さんと新年の過ごし方Hēshi san to Shinnen no Sugoshi Kata,兵士さんと新年の過ごし方
星流れ、神鳴の奔るが如く（上）Hoshinagare Kaminari no Hashiru ga Gotoku (Jyou),星流れ、神鳴の奔るが如く（上）
星流れ、神鳴の奔るが如く（下）Hoshinagare Kaminari no Hashiru ga Gotoku (Ge),星流れ、神鳴の奔るが如く（下）
舞い降りた幸運Maiorita Kō'un,舞い降りた幸運
とあるアクシデントToaru Akushidento,とあるアクシデント
破れた遺書Yabureta Isho,破れた遺書
雲嶽ぶらり旅Ungaku Burari Tabi,雲嶽ぶらり旅
ループRūpu,ループ
見捨てられた拠点Misuterareta Kyoten,見捨てられた拠点
"「エース」アシスタントボンプ""Ēsu"" Ashisutanto Bonpu","「エース」アシスタントボンプ
"「アケロン」""Akeron""","「アケロン」
アチーブメントAchībumento,アチーブメント
嘆きの川を渡りてNageki no Kawa wo Watarite,嘆きの川を渡りて
アクティブスキルAkutibusukiru,アクティブスキル
タツTatsu,タツTatsu
コアスキルKoa Skiru,コアスキル
ドライアイスリンクDoraiaisurinku,ドライアイスリンク
臨時治安犬_JP0A,臨時治安犬
追加能力：痛いところ_JP0A,追加能力：痛いところ
アドレナリンAdorenarin,アドレナリン
アドレナリン獲得効率Adorenarin Kakutoku Kōritsu,アドレナリン獲得効率
先遣賞金-定期掃討Senken Shōkin - Teiki Sōtō,先遣賞金-定期掃討
縺繝ｼを救えRenkanshi wo Sukue,縺繝ｼを救え
特殊スキル：空掠める_JP0A,特殊スキル：空掠める
アゲートAgēto,アゲート
エージェントĒjento,エージェント
クローズアップKurōzuappu,クローズアップ
クローズアップ・アリスKurōzuappu Arisu,クローズアップ・アリス
クローズアップ・アンビーKurōzuappu Anbī,クローズアップ・アンビー
クローズアップ・アンドーKurōzuappu Andō,クローズアップ・アンドー
クローズアップ・アストラKurōzuappu Asutora,クローズアップ・アストラ
クローズアップ・ベンKurōzuappu Ben,クローズアップ・ベン
クローズアップ・ビリーKurōzuappu Birī,クローズアップ・ビリー
クローズアップ・バーニスKurōzuappu Bānisu,クローズアップ・バーニス
クローズアップ・シーザーKurōzuappu Shīzā,クローズアップ・シーザー
クローズアップ・カリンKurōzuappu Karin,クローズアップ・カリン
クローズアップ・ダイアリンKurōzuappu Daiarin,クローズアップ・ダイアリン
クローズアップ・エレンKurōzuappu Eren,クローズアップ・エレン
クローズアップ・イヴリンKurōzuappu Ivurin,クローズアップ・イヴリン
クローズアップ・グレースKurōzuappu Gurēsu,クローズアップ・グレース
クローズアップ・ヒューゴKurōzuappu Hyūgo,クローズアップ・ヒューゴ
クローズアップ・ジェーンKurōzuappu Jēn,クローズアップ・ジェーン
クローズアップ・クレタKurōzuappu Kureta,クローズアップ・クレタ
クローズアップ・ライトKurōzuappu Raito,クローズアップ・ライト
クローズアップ・リュシアKurōzuappu Ryushia,クローズアップ・リュシア
クローズアップ・ルーシーKurōzuappu Rūshī,クローズアップ・ルーシー
クローズアップ・ライカンKurōzuappu Raikan,クローズアップ・ライカン
クローズアップ・ニコKurōzuappu Niko,クローズアップ・ニコ
クローズアップ・パイパーKurōzuappu Paipā,クローズアップ・パイパー
クローズアップ・プルクラKurōzuappu Purukura,クローズアップ・プルクラ
クローズアップ・リナKurōzuappu Rina,クローズアップ・リナ
クローズアップ・セスKurōzuappu Sesu,クローズアップ・セス
クローズアップ・ビビアンKurōzuappu Bibian,クローズアップ・ビビアン
クローズアップ・イドリーKurōzuappu Idorī,クローズアップ・イドリー
ガリバー隊員Gariba Tai'in,ガリバー隊員
コスチュームKosuchūmu,コスチューム
エージェント秘話Ējento Hiwa,エージェント秘話
エージェント秘話Ējento hiwa,エージェント秘話
(‍仕方ないな仕方ないなText for Wise/しょうがないなぁしょうがないなぁText for Belle‍),(‍仕方ないな仕方ないなText for Wise/しょうがないなぁしょうがないなぁText for Belle‍)
アハブAhabu,アハブ
アンプAnpu,アンプ
アフリマンAfuriman,アフリマン
アイタナAitana,アイタナ
アレクサンドリナ・セバスチャンArekusandorina Sebasuchan,アレクサンドリナ・セバスチャン
アレクシスArekushisu,アレクシスArekushisu
アリス・タイムフィールドArisu Taimufīrudo,アリス・タイムフィールド
"もう、届かないMō, Todokanai","もう、届かない"
アロウィン・ミスティックArowin Mistutikku,アロウィン・ミスティック
アルペカArupeka,アルペカ
アルペカ（寄主形態）Arupeka (Kishu Kētai),アルペカ（寄主形態）
アマチュアハッカーAmachuahakkā,アマチュアハッカー
アミリオンAmirion,アミリオンAmirion
エミーEmī,エミーEmī
ホロウ：インポッシブル(下)Horō: Inposshiburu (Ge),ホロウ：インポッシブル(下)
目には目をMe ni wa Me wo,目には目を
招かれざる客Manekarezaru kyaku,招かれざる客
招かれざる客Manekarezaru Gyaku,招かれざる客
アンビー・デマラAnbī Demara,アンビー・デマラ
アンビーの当惑Anbī no Tōwaku,アンビーの当惑
アンビー人形Anbī Ningyō,アンビー人形
そしてヒーローは暗幕に帰るSoshite Hīrō wa Anmaku ni Kaeru,そしてヒーローは暗幕に帰る
アンドレアスAndoreasu,アンドレアス
アンドリューより再びのご愛顧Andoryu yori Futatabi Aiko,アンドリューより再びのご愛顧
アンドロンAndoron,アンドロン
アンディAndi,アンディ
アンジェAnje,アンジェ
エンゼル・マーフィーEnzeru Māfī,エンゼル・マーフィー
エンゼルフィッシュEnzerufisshu,エンゼルフィッシュ
アンジェリカAnjerika,アンジェリカ
アンジーAnjī,アンジー
釣り人（魚心あれば慈悲心Ver.）,釣り人（魚心あれば慈悲心Ver.）
フィッシングスコアFisshingu Sukoa,フィッシングスコア
ヘイアンHeian,ヘイアン
アンナAnna,アンナ
アンネAnne,アンネ
異常Ijō,異常
状態異常Jōtai Ijō,状態異常
アンドー・イワノフAndō Iwanofu,アンドー・イワノフ
コミュ障ボンプComyu-shō Bonpu,コミュ障ボンプ
蒼角Sōkaku,蒼角
アペタイザーApetaizā,アペタイザー
蓬Yomogi[!][!]Assumed reading,蓬
アクアリウムデザイナーAkuariumudezainā,アクアリウムデザイナー
アーチĀchi,アーチ
チーChī,チー
エリアコード：BB-01,エリアコード：BB-01
エリアコード：BB-02,エリアコード：BB-02
エリアコード：C#-01,エリアコード：C#-01
エリアコード：UC-0015,エリアコード：UC-0015
定期掃討Teiki Sōtō,定期掃討
アルゴスホロウArugosuhorou,アルゴスホロウ
誠Sei[!][!]Assumed reading,誠
アルラウネAruraune,アルラウネ
アーマーハティĀmā Hati,アーマーハティ
アーノルドĀnorudo,アーノルド
アロマキャンドル販促担当Aroma Kyandoru Hansoku Tantō,アロマキャンドル販促担当
TVアレイモード,TVアレイモード
ホコサキイカHokosakiika,ホコサキイカ
適当観に賑わいを！Tekitōkan ni Nigiwai wo,適当観に賑わいを！
"昨日、死んだとしてKinō, Shinda toshite",昨日、死んだとして
浅羽悠真Asaba Harumasa,浅羽悠真
ハルマサボンプHarumasabonpu,ハルマサボンプ
舞うように空へMau yōni Sora e,舞うように空へ
アシャAsha,アシャ
アンナイAnnai,アンナイ
支援突撃：疾風のなぎ払い_JP0A,支援突撃：疾風のなぎ払い
助監督IDカード,助監督IDカード
兵站ショップHētan Shōppu,兵站ショップ
アストラ・ヤオAsutora Yao,アストラ・ヤオ
輝きのペンライトKagayaki no Penraito,輝きのペンライト
輝きのモーメントKagayaki no Mōmento,輝きのモーメント
静寂のアストラSējaku no Asutora,静寂のアストラ
強攻Kyōkō,強攻
特性Tokusē,特性
アタック・オン・サイバーズAtakku On Saibāzu,アタック・オン・サイバーズ
"(‍執事と夜半の挨拶執事と夜半の挨拶Text for Wise/おやすみなさいませ、お嬢様おやすみなさいませ、お嬢様Text for Belle‍)(‍Shitsuji to Yahan no AisatsuShitsuji to Yahan no AisatsuText for Wise/Oyasuminasaimase, OjosamaOyasuminasaimase, OjosamaText for Belle‍)",執事と夜半の挨拶/おやすみなさいませ、お嬢様
属性Zokusē,属性
ステータスSutētasu,ステータス
オールトŌruto,オールト
ホーおばあさんHō Obāsan,ホーおばあさん
エーテルĒteru,エーテル
オースティンŌsutin,オースティン
アドレナリン自動回復Adorenarin Jidō Kaifuku,アドレナリン自動回復
知能構造体Chinō Kōzōtai,知能構造体
自律強襲ユニット・「ガーディアンIII型」,自律強襲ユニット・「ガーディアンIII型」
自律補助ユニット・「ガーディアンII型」,自律補助ユニット・「ガーディアンII型」
"自律戦術ユニット・「シールドディフェンダー・Ω」Jiritsu Senjutsu Unitto - ""Shīrudo Difendā - Ω""",自律戦術ユニット・「シールドディフェンダー・Ω」
"自律戦術ユニット・「テューポーン・チャレンジャー」Jiritsu Senjutsu Yunitto - ""Tyūpōn - Charenjā""",自律戦術ユニット・「テューポーン・チャレンジャー」
"自律戦術ユニット・「テューポーン・スラッガー」Jiritsu Senjutsu Yunitto - ""Tyūpōn - Suragga""",自律戦術ユニット・「テューポーン・スラッガー」
ミアズマラヴェジャー・アヴァルスMiazuma Ravejā - Avarusu,ミアズマラヴェジャー・アヴァルス
アボカドボンプAbokadobonpu,アボカドボンプ
アボ・カフェオレAbo Kafeore,アボ・カフェオレ
ジュウJuu,ジュウ
バック・トゥ・スクールBakku Tu Sukūru,バック・トゥ・スクール
チンピラボンプChinpirabonpu,チンピラボンプ
フクロノボンプFukuronobonpu,フクロノボンプ
バレエツインズBareetsuinzu,バレエツインズ
バレエツインズの見取図Baree Tsuinzu no Mitorizu,バレエツインズの見取図
バレエツインズのホロウエリアBarētsuinzu no Horou Eria,バレエツインズのホロウエリア
バレエツインズ前Baretsuinzu Mae,バレエツインズ前
まんまるモフモフManmaru Mofumofu,まんまるモフモフ
ボンボンボン、ボンプと～沙羅GW～！,ボンボンボン、ボンプと～沙羅GW～！
ボンプBonpu,ボンプ
06号Zero Roku Gō,06号
18号Jūhachi Gō,18号
ボンプでGO！,ボンプでGO！
キッド・ナンナン・プーKiddo Nannan Pū,キッド・ナンナン・プー
ボンプダイエット計画Bonpu daietto Kēkaku,ボンプダイエット計画
ボンプエネルギープラグインBonpuenerugīpuraguin,ボンプエネルギープラグイン
ボンプ商人Bonpu Shōnin,ボンプ商人
プラグインPuraguin,プラグイン
ボンプの彫像Bonpu no Chōzō,ボンプの彫像
「ボンプVSエーテリアス」,「ボンプVSエーテリアス」
ボンプVSエーテリアス・その一,ボンプVSエーテリアス・その一
ボンプVSエーテリアス・その二,ボンプVSエーテリアス・その二
ボンプVSエーテリアス・その三,ボンプVSエーテリアス・その三
ボンプVSエーテリアス・その四,ボンプVSエーテリアス・その四
ボンプコインBonpukoin,ボンプコイン
リボルバボンプRiborubabonpu,リボルバボンプ
零号バンク営業店Zero Gō Banku Eigyōten,零号バンク営業店
ビンボンプBinbonpu,ビンボンプ
バトルカジキBatorukajiki,バトルカジキ
レッツパーティRettsupāti,レッツパーティ
バニーレックBanīrekku,バニーレック
盤岳Bangaku,盤岳
"CDショップ「吟遊ニードル」CD Shoppu ""Ginyū Nīdoru""",CDショップ「吟遊ニードル」
ムギラテMugirate,ムギラテ
カマスKamasu,カマス
バートBāto,バート
恥じらう悪面Hajirau Akumen,恥じらう悪面
通常攻撃Tsūjō Kōgeki,通常攻撃
通常攻撃：ダンシング・ナイフ_JP0A,通常攻撃：ダンシング・ナイフ
通常攻撃：絞式・I型,通常攻撃：絞式・I型
通常攻撃：絞式・II型,通常攻撃：絞式・II型
通常攻撃：L式グラウリング・フィスト,通常攻撃：L式グラウリング・フィスト
通常攻撃：サルコウジャンプ_JP0A,通常攻撃：サルコウジャンプ
トイレToire,トイレ
バッテリーBatterī,バッテリー
猫派vs犬派,猫派vs犬派
エリーファンドErī Fando,エリーファンド
迷いの地Mayoi no Chi,迷いの地
シリオンShirion,シリオン
"「ビファース」の返信""Bifāsu"" no Henshin",「ビファース」の返信
ベックスBekkusu,ベックス
ベッキーBekkī,ベッキー
ビギナーズラックBigināzurakku,ビギナーズラック
エンジンビホルダーEnjin Bihorudā,エンジンビホルダー
ベルフBerufu,ベルフ
オシシOshishi,オシシ
リンRin,リン
キキョウKikyou,キキョウ
憤怒の銃騒Funnu no Jyūsō,憤怒の銃騒
ベルラムBeruramu,ベルラム
白祇重工Hakugi Jūkō,白祇重工
ベン・ビガーBen Bigā,ベン・ビガー
ベンジャミンBenjamin,ベンジャミン
ベンジーBenjī,ベンジー
バーサBāsa,バーサ
ベスト・ビドBesuto Bido,ベスト・ビド
企業ランキングTOP1,企業ランキングTOP1
ベストシナリオBesutoshinario,ベストシナリオ
ベティ・ブレンダBeti Burenda,ベティ・ブレンダ
ビガー・シリンダーBigā Shirindā,ビガー・シリンダー
ビッグダディBiggu Dadi,ビッグダディ
ユウレイイカYuureiika,ユウレイイカ
ブロックボンプBurokkubonpu,ブロックボンプ
ビリー・キッドBirī Kiddo,ビリー・キッド
ビャークブリックByākuburikku,ビャークブリック
ブラックアンカー団Brakku'ankā Dan,ブラックアンカー団
ブラック・LP,ブラック・LP
ブラックペーパー・テイルズBurakkupēpā Teiruzu,ブラックペーパー・テイルズ
マリオネット・ブラックベールMarionetto - Burakku Bēru,マリオネット・ブラックベール
ヒレグロザメHiregurozame,ヒレグロザメ
タチウオTachiuo,タチウオ
ブラックBurakku,ブラック
ブラストスパイダーBurasuto Supaidā,ブラストスパイダー
ブレイズウッドBureizuuddo,ブレイズウッド
烈火の拳闘Rekka no Kentō,烈火の拳闘
炎心の桂冠Enshin no Kēkan,炎心の桂冠
ポチPochi,ポチ
"駆けろ、賭けろKakeru, Kakeru",駆けろ、賭けろ
ナンヨウハギNan'youhagi,ナンヨウハギ
アオマグロAomaguro,アオマグロ
"「肝の据わった」男子""Kimo no Suwatta"" Danshi",「肝の据わった」男子
シシオShishio,シシオ
ボルトBoruto,ボルト
ボンプ便Bonpu Ben,ボンプ便
ズバットボンプZubattobonpu,ズバットボンプ
ボンプチケットBonpu chiketto,ボンプチケット
キアツデボンプKiatsudebonpu,キアツデボンプ
ドリルダッシュDoriru Dasshu,ドリルダッシュ
ボスエネミーBosuenemī,ボスエネミー
ペーパーカッターPēpā Kattā,ペーパーカッター
折枝の刀歌Orieda no Tōka,折枝の刀歌
黒雁街跡地Kokugan Machi Atochi[!][!]Assumed reading,黒雁街跡地
カクトウボンプKakutoubonpu,カクトウボンプ
ラテレムRateremu,ラテレム
ジャスティン・ブリンガーJasutin Buringā,ジャスティン・ブリンガー
ブリンガーのノートBuringā no Nōto,ブリンガーのノート
ブリンガーの企みBuringā no Takurami,ブリンガーの企み
ブルータスBurūtasu,ブルータス
ブキャナンBukyanan,ブキャナン
バーヴBāvu,バーヴ
パックストアPakkusutoa,パックストア
ラビットチャージャーRabitto Chājā,ラビットチャージャー
バークBāku,バーク
バーニス・ホワイトBānisu Howaito,バーニス・ホワイト
バーニスの燃料ステーションBānisu no nenryō sutēshon,バーニスの燃料ステーション
バーニング・ディザイアBāningu Dizaia,バーニング・ディザイア
バートン・レイヴンロックBāton Reibinlokku,バートン・レイヴンロック
涙と過去を埋めて（上）Nami to Kako wo Umete (Jō),涙と過去を埋めて（上）
涙と過去を埋めて（下）Nami to Kako wo Umete (Ge),涙と過去を埋めて（下）
商機×怪奇×仁義Shōki × Kaiki × Jingi,商機×怪奇×仁義
バトラーBatorā,バトラー
チョウザカナChouzakana,チョウザカナ
コチョウランKochouran,コチョウラン
ボタンBotan,ボタン
コウニュウKōnyū,コウニュウ
バイロンBairon,バイロン
ロープウェイ・澄輝坪駅Rōpuwē - Chōkihē Eki,ロープウェイ・澄輝坪駅
サボテン花の誘い・その一Saboten hana no sasoi sonoichi,サボテン花の誘い・その一
サボテン花の誘い・その二Saboten hana no sasoi sono ni,サボテン花の誘い・その二
キング・シーザーKingu Shīzā,キング・シーザー
ケアンKean,ケアン
カレブKarebu,カレブ
沙羅ゴールデンウィークShara Goruden Wiku,沙羅ゴールデンウィーク
沙羅GWどこ行く？丨旅行先をおすすめし合うスレ,沙羅GWどこ行く？丨旅行先をおすすめし合うスレ
カメラKamera,カメラ
カミエルKamieru,カミエル
キャノンローラーKyanon Rōrā,キャノンローラー
"オルペウス・マグヌッソン＆「鬼火」Orupeusu Magunusson & ""Onibi""",オルペウス・マグヌッソン＆「鬼火」
キャラメルドリームKyaramerudorīmu,キャラメルドリーム
キャラメルソースケーキKyaramerusōsukēki,キャラメルソースケーキ
オフィスの愛を取り戻せOfisu no Ai wo Torimodose,オフィスの愛を取り戻せ
おっとりした少女Ottorishita Shōjo,おっとりした少女
"「荷」は口から出る""Ni"" wa Kuchikara Deru",「荷」は口から出る
キャロルKyaroru,キャロル
カローレ・アルナKarōre Aruna,カローレ・アルナ
カスパーKasupā,カスパー
カシアKashia,カシア
マイペースな会社員Maipēsuna Kaishain,マイペースな会社員
猫の落とし物（上）Neko no OtoshiMono (Jō),猫の落とし物（上）
猫の落とし物（下）Neko no Otoshimono (Gē),猫の落とし物（下）
キャッチ・ミー・イフ・ユー・キャンKyacchi Mī Ifu Yū Kyan,キャッチ・ミー・イフ・ユー・キャン
泥棒猫、ネズミを制す（上）Doroboneko Nezumi wo Sēsu (Jyō),泥棒猫、ネズミを制す（上）
"泥棒猫、ネズミを制すDoroboneko, Nezumi wo Sēsu",泥棒猫、ネズミを制す
セレスティア女学院Seresutia Jogaku'in,セレスティア女学院
セリンSerin,セリン
セタSeta,セタ
連携スキル：罪悪の華_JP0A,連携スキル：罪悪の華
連携スキル：V式スコーチド・サン,連携スキル：V式スコーチド・サン
シロShiro,シロ
シャンデリアの下でShanderia no Shita de,シャンデリアの下で
ケイオス・ジャズKeiosu Jazu,ケイオス・ジャズ
混沌のヘヴィメタルKonton no Hevimetaru,混沌のヘヴィメタル
チャールズ・パールマンChāruzu Pāruman,チャールズ・パールマン
チャーリーChārī,チャーリー
"「カロン」""Karon""",「カロン」
"ダイナー「チートピア」Dainā ""Chītopia""",ダイナー「チートピア」
コック長Kokkuchō,コック長
トゲナシTogenashi,トゲナシ
アキAki,アキ
首席DJ・クラシック音楽,首席DJ・クラシック音楽
チョップJr.ChoppuJr.,チョップJr.
チョップJr.の返信,チョップJr.の返信
チャンパChanpa,チャンパ
コードKōdo,コード
ギャラリーGyararī,ギャラリー
パクチーラテPakuchīrate,パクチーラテ
グラビティ・シアターGurabiti Shiatā,グラビティ・シアター
クローラKurōra,クローラ
ブレイクスルーBureikusurū,ブレイクスルー
二又の依頼人futamata no Irainin,二又の依頼人
目と鼻の先Me to Hana no Saki,目と鼻の先
クローバーKurōbā,クローバー
アキコーチAkikōchi,アキコーチ
星教官Sei Kyōkan[!][!]Assumed reading,星教官
コバーンKobān,コバーン
ココKoko,ココ
ココの返信Koko no Henshin,ココの返信
"「コキュートス」""Kokyūtosu""",「コキュートス」
コーヒー・ラバーズKōhī Rabāzu,コーヒー・ラバーズ
コーヒータイムKōhītaimu,コーヒータイム
ケールKēru,ケール
ヴァイクVaiku,ヴァイク
模擬実戦Mogi Jissen,模擬実戦
ローウェル監察官Rōweru Kansatsukan,ローウェル監察官
ホロウHorou,ホロウ
コニーKonī,コニー
コンラッドKonraddo,コンラッド
ラーメントークRāmentōku,ラーメントーク
"「クッキー」""Kukkī""",「クッキー」
コッパーKoppā,コッパー
ホシマダラHoshimadara,ホシマダラ
駆動する種Kudō suru Tane,駆動する種
コアパッシブ：洞察_JP0A,コアパッシブ：洞察
コーリーKōrī,コーリー
カリン・ウィクスKarin Uikusu,カリン・ウィクス
コリンナKorinna,コリンナ
侵蝕体Shinshoku-tai,侵蝕体
侵蝕Shinshoku,侵蝕
侵蝕された商人Shinshokusareta Shōnin,侵蝕された商人
カウンターKauntā,カウンター
始まりの主Hajimari no Aruji,始まりの主
ハナサキウオHanasakiuo,ハナサキウオ
クリティホロウKuriti Horou,クリティホロウ
特務捜査班Tokumu Sōsahan,特務捜査班
朱に染まりし青煙Ake ni Somarishi Sē'en,朱に染まりし青煙
クリスピースタークッキーKurisupīsutākukkī,クリスピースタークッキー
サクサクボンプSakusakubonpu,サクサクボンプ
激変ノードGekihen Nōdo,激変ノード
ウルリンボンプUrurinbonpu,ウルリンボンプ
キュートで狡猾Kyūto de Kōkatsu,キュートで狡猾
邪兎屋Jatoya,邪兎屋
カーテンコールKātenkōru,カーテンコール
カーティス・レイヴンロックKātisu Reivunrokku,カーティス・レイヴンロック
バーチャル世界の挑戦Bācharu Sekai no Chōsen,バーチャル世界の挑戦
バーチャル世界の詭計Bācharu Sekai no Kikē,バーチャル世界の詭計
バーチャル世界の決闘Bācharu Sekai no Ketō,バーチャル世界の決闘
バーチャル世界の精鋭Bācharu Sekai no Sē'ē,バーチャル世界の精鋭
バーチャル世界の毒Bācharu Sekai no Doku,バーチャル世界の毒
バーチャル世界の罠Bācharu Sekai no Wana,バーチャル世界の罠
ユウYuu,ユウ
ヒナギクHinagiku,ヒナギク
ダミアン・ブラックウッドDamian Burakkuuddo,ダミアン・ブラックウッド
ダンDan,ダン
ダーナDāna,ダーナ
絶命舞曲Zetsumē Bukyoku,絶命舞曲Zetsumē Bukyoku
操り糸は誘うAyatsuri Ito wa Sasō,操り糸は誘う
ダニエルDanieru,ダニエル
ダンテDante,ダンテ
ダークサイドDāku Saido,ダークサイド
クイック支援：黒い茨_JP0A,クイック支援：黒い茨
ダーラDāra,ダーラ
デス・ダーツDesu Dātsu,デス・ダーツ
ダッシュ攻撃：エッジジャンプ_JP0A,ダッシュ攻撃：エッジジャンプ
ダッシュ攻撃：虚像の突刺し_JP0A,ダッシュ攻撃：虚像の突刺し
データチップDētachippu,データチップ
データステーションDētasutēshon,データステーション
暁に咲く花Akatsuki ni Saku Hana,暁に咲く花
ダークDāku,ダーク
暁Akatsuki,暁
燦々たるハーモニーSansan taru Hāmonī,燦々たるハーモニー
煌めくリズムKirameku Rizumu,煌めくリズム
デッドエンドへの特急列車Deddoendo e no Tokkyuressha,デッドエンドへの特急列車
行き止まりIkitomari,行き止まり
デッドエンドブッチャーDeddo Endo Butchā,デッドエンドブッチャー
ジ・エンドブッチャーJi Endobucchā,ジ・エンドブッチャー
デッドエンドブッチャーDeddoendobucchā,デッドエンドブッチャー
デッドエンドホロウDeddoendo Horou,デッドエンドホロウ
デシベルDeshiberu,デシベル
ディープシー・ビジターDīpushī Bijitā,ディープシー・ビジター
防護Hōgo,防護
防衛軍Bōeigun,防衛軍
防衛軍の休日Bōēgun no Kyūjitsu,防衛軍の休日
防衛軍・シルバー小隊Bōeigun - Shirubā Shōtai,防衛軍・シルバー小隊
パリィ支援：最後の防衛線_JP0A,パリィ支援：最後の防衛線
暁天に響く鈴Shōten ni Hibiku Suzu[!][!]Assumed reading,暁天に響く鈴
デリーンDerīn,デリーン
ディニーDinī,ディニー
デニッシュDenisshu,デニッシュ
ダーマンDāman,ダーマン
スイーツSuītsu,スイーツ
再会する運命Saikaisuru Unmē,再会する運命
プロファイルPorofairu,プロファイル
ジョロキアソーダJorokiasōda,ジョロキアソーダ
アクマデボンプAkumadebonpu,アクマデボンプ
徳豊質店Tokuhō Shichiten,徳豊質店
"ガーデニングショップ「朝露」Gādeningu Shoppu ""Asatsuyu""",ガーデニングショップ「朝露」
ダイアリンDaiarin,ダイアリン
ディメンショナル・スナイパーDimenshonaru Sunaipā,ディメンショナル・スナイパー
ディミトリDimitori,ディミトリ
ディナDina,ディナDina
大野監督Ōno Kantoku,大野監督Ōno Kantoku
ドライバディスクDoraibadisuku,ドライバディスク
使い捨てプラグイン-A,使い捨てプラグイン-A
使い捨てプラグイン-B,使い捨てプラグイン-B
使い捨てプラグイン-S,使い捨てプラグイン-S
紛争ノードFunsō Nōdo,紛争ノード
喧噪のソナタKensō no Sonata,喧噪のソナタ
占いUranai,占い
穏やかな夜をよしとせずOdayaka na Yoru wo Yoshitosezu,穏やかな夜をよしとせず
回避：残影_JP0A,回避：残影
回避反撃：疾影_JP0A,回避反撃：疾影
回避反撃：疾影の舞_JP0A,回避反撃：疾影の舞
ドリーDorī,ドリーDorī
ドント・タッチDonto Tacchi,ドント・タッチ
ノット・アローンNotto Arōn,ノット・アローン
ドーパミン・ホリデー・プロジェクトDōpamin Horidē Purojekuto,ドーパミン・ホリデー・プロジェクト
電離体・ドッペルゲンガーDenritai - Dopperugengā,電離体・ドッペルゲンガー
電離体・ドッペルゲンガー・ベルラムDenritai - Dopperugengā - Beruramu,電離体・ドッペルゲンガー・ベルラム
電離体・ドッペルゲンガー・ジェーンDenritai - Dopperugengā - Jēn,電離体・ドッペルゲンガー・ジェーン
電離体・ドッペルゲンガー・モルスDenritai - Dopperugengā - Morusu,電離体・ドッペルゲンガー・モルス
"ドッペルゲンガー・「背信者」Dopperugengā - ""Haishinsha""","ドッペルゲンガー・「背信者」
ドリアンDorian,ドリアン
渦巻く疑雲Uzumaku Gi'un,渦巻く疑雲
ロア先生Roa Sensē,ロア先生
ドリームレス・ヒーローDorīmuresu Hīrō,ドリームレス・ヒーロー
ドルDoru,ドル
メッセージボトルMessēji Botoru,メッセージボトル
メッセージボトルNO.1Messēji Botoru No.1,メッセージボトルNO.1
メッセージボトルNO.2Messēji Botoru No.2,メッセージボトルNO.2
メッセージボトルNO.3Messēji Botoru No.3,メッセージボトルNO.3
ドリフトテクニックDorifutotekunikku,ドリフトテクニック
ドリルリグ-レッドシャフトDoriru Rigu - Reddo Shafuto,ドリルリグ-レッドシャフト
夕焼けへGO！,夕焼けへGO！
夢縋りYume Sugari,夢縋り
アリーナメダルArīnamedaru,アリーナメダル
デュラハンDyurahan,デュラハン
ダスク・イン・ザ・ワイルドDasuku In Za Wairudo,ダスク・イン・ザ・ワイルド
無限ループMugen Rūpu,無限ループ
ディランDiran,ディラン
強化特殊スキル：V式サンライズ・アッパー-フルストローク,強化特殊スキル：V式サンライズ・アッパー-フルストローク
エコールームEkōrūmu,エコールーム
シルバーの復活Shirubā no Fukkatsu,シルバーの復活
エドガーEdogā,エドガー
エドモンドEdomondo,エドモンド
エーゲĒge,エーゲ
エリナーErinā,エリナー
電気属性Denki Zokusē,電気属性
露電幻夢ⅠRoden Genmu I,露電幻夢Ⅰ
電撃リップグロスDengeki Rippugurosu,電撃リップグロス
ビリビリボンプBiribiribonpu,ビリビリボンプ
優美のヴァニティYūbi no Vaniti,優美のヴァニティ
エレベーターErebētā,エレベーター
エイファEifa,エイファ
エリアナEriana,エリアナ
抹殺リストMassatsu Risuto,抹殺リスト
エリスErisu,エリス
"「精鋭」アシスタントボンプ""Seiei"" Ashisutanto Bonpu","「精鋭」アシスタントボンプ"
エレン・ジョーEren Jō,エレン・ジョー
シザーテイルShizāteiru,シザーテイル
エルモErumo,エルモErumo
エルピス最強釣り師決定戦Erupisu Saikyō Tsurishi Kettēsen,エルピス最強釣り師決定戦
緊急逮捕Kinkyu Taiho,緊急逮捕
アミーAmī,アミー
コウテイKōtē,コウテイ
暗号化マスターテープAngōka Masutātēpu,暗号化マスターテープ
ついに、エンディングなの(‍かかText for Wise‍)…？,ついに、エンディングなの…？
高塔の激戦Kōtō no Gekisen,高塔の激戦
高塔の激戦：栄光Kōtō no Gekisen: Ēkō,高塔の激戦：栄光
高塔の激戦：末路Kōtō no Gekisen: Matsuro[!][!]Assumed reading,高塔の激戦：末路
死地Shichi,死地
パエトーン図鑑Paetōn Zukan,パエトーン図鑑
エネルギーEnerugī,エネルギー
エンリコEnriko,エンリコ
エーテル・ドリームĒteru Dorīmu,エーテル・ドリーム
エンゾウEnzō,エンゾウ
イアスIasu,イアス
後日談Gojitsudan,後日談
エリックErikku,エリック
エリー都Erī To,エリー都
エリーンErīn,エリーン
エスプレッソEsupuresso,エスプレッソ
イサンIsan,イサン
イーサンĪsan,イーサン
アルコールArukōru,アルコール
エーテル電池Ēteru Denchi,エーテル電池
エーテル・キャビテーションĒteru Kyabitēshon,エーテル・キャビテーション
エーテルコンパスĒterukonpasu,エーテルコンパス
エーテルの異形Ēteru no Ikē,エーテルの異形
エーテリアスĒteriasu,エーテリアス
ユージーンYūjīn,ユージーン
イヴIvu,イヴ
イヴリン・シェヴァリエIvurin Shevarie,イヴリン・シェヴァリエ
イベントIbento,イベント
万物に魂ありBanbutsu ni Tamashi Ari,万物に魂あり
証拠品-サイン入りポスターShōkohin-Sain Iri Posutā,証拠品-サイン入りポスター
ブルースターBurūsutā,ブルースター
讃頌会Sanshō-kai,讃頌会
"「讃頌会」の司教""Sansho-kai"" no Shikyō",「讃頌会」の司教
セイケンボンプSeikenbonpu,セイケンボンプ
音動機Ondōki,音動機
執行官と新年の準備Shikkōkan to Shinnen no Junbi,執行官と新年の準備
「爺i」の使い心地,「爺i」の使い心地
エキスパート挑戦Ekisupāto Chōsen,エキスパート挑戦
ドッペルゲンガー・ジェーンDopperugengā - Jēn,ドッペルゲンガー・ジェーン
ミアズミック・狛野真斗Miazumikku - Komano Manato,ミアズミック・狛野真斗
要警戒・アーマーハティYōkēkai - Āmā Hati,要警戒・アーマーハティ
要警戒・デュラハンYōkēkai - Dyurahan,要警戒・デュラハン
サクリファイス・ヘレティック・ジェスターSakurifaisu - Hereteikku Jesutā,サクリファイス・ヘレティック・ジェスター
トラキアンTorakian,トラキアン
"「テューポーン・スラッガー」""Tyūpōn Suraggā""",「テューポーン・スラッガー」
タンケンボンプTakenbonpu,タンケンボンプ
終電爆裂Shūden Bakuretsu,終電爆裂
外部記憶素子Gaibu Kiokusoshi,外部記憶素子
GW期間は増量中！ご来店お待ちしています！,GW期間は増量中！ご来店お待ちしています！
再創の遺殻Saisō no Nokokara,再創の遺殻
ファミールFamīru,ファミール
澄輝坪Chōkihē,澄輝坪
フェイスFeisu,フェイス
ファミリー・スピードFamirī Supīdo,ファミリー・スピード
精巧なコレクションSēkō na Korekushon,精巧なコレクション
獣牙のヘヴィメタルJūga no Hevimetaru,獣牙のヘヴィメタル
ファンタジィ・リゾートFantajii Rizōto,ファンタジィ・リゾート
ファールバウティFārubauti,ファールバウティ
サテュロスSatyurosu,サテュロス
ファヌス区Fanusu Ku,ファヌス区
機能アップデート！HIAが送る最新の感覚同期VR機能,機能アップデート！HIAが送る最新の感覚同期VR機能
ミネMine,ミネ
殺戮を掴む掌Satsuriku wo Tsukamu Tenohira,殺戮を掴む掌
フェロクスFerokusu,フェロクス
"「渡し守」""Watashimori""",「渡し守」
熾烈な社内闘争Shiretsu na Shanai Tōsō,熾烈な社内闘争
終結スキル：フィナーレ_JP0A,終結スキル：フィナーレ
ファイナル・パンチFainaru Panchi,ファイナル・パンチ
終幕のダンスシューズShūmaku no Dansushūzu,終幕のダンスシューズ
炎属性Honoo Zokusē,炎属性
ホタルダケHotarudake,ホタルダケ
プロのアフターサービスPuro no Afutāsābisu,プロのアフターサービス
危ういビルの初調査Ayaui Biru no Hatsu Chōsa,危ういビルの初調査
ミミック蟹Mimikku Kani,ミミック蟹
ロクセンフエダイRokusenfuedai,ロクセンフエダイ
火を帯びし先導者Hi wo Obishi Sendōsha[!][!]Assumed reading,火を帯びし先導者
バーニング・シェイカーBāningu Sheikā,バーニング・シェイカー
ヒラメウオHirameuo,ヒラメウオ
褒めるボンプHomeru Bonpu,褒めるボンプ
完璧なる偽装Kanpeiki naru Gisō,完璧なる偽装
鳥は夢へと羽ばたいてDori ha Ume e to Habataite,鳥は夢へと羽ばたいて
"「シード」""Shīdo""",「シード」
花の谷のフローラHana no Tani no Furōra,花の谷のフローラ
珍花の旅路Chinka no Tabiji,珍花の旅路
"「ホイップ」""Hoippu""",「ホイップ」
葉と花を求めてHa to Hana wo Motomete,葉と花を求めて
トーマス班長Tōmasu Hanchō,トーマス班長
オマカセボンプOmakasebonpu,オマカセボンプ
フォッソルFossoru,フォッソル
フリーフォールFurīfōru,フリーフォール
ストレスフリーSutoresufurī,ストレスフリー
フリーダム・ブルースFurīdamu Burūsu,フリーダム・ブルース
フライデーFuraidē,フライデー
フライドチキンFuraidochikin,フライドチキン
新旧の友達Shinkyu no Tomodachi,新旧の友達
ポテトランプPoteto Ranpu,ポテトランプ
氷属性Koori Zokusē,氷属性
フローズンFurōzun,フローズン
フルーツフォームラテFurūtsufōmurate,フルーツフォームラテ
フルーティーFurūtī,フルーティー
橘福福Chī Fūfū,橘福福
フルメタル・ウェーブFurumetaru Wēbu,フルメタル・ウェーブ
複合コンパイラFukugō Konpaira,複合コンパイラ
カプセルトイKapuserutoi,カプセルトイ
ガチャマシーン-A,ガチャマシーン-A
ガチャマシーン-B,ガチャマシーン-B
ガチャマシーン-S,ガチャマシーン-S
ゲアリーGearī,ゲアリー
ギアコインGia Koin,ギアコイン
ジェミナJemina,ジェミナ
チョップ大将Choppu Taishō,チョップ大将
片利共生型エーテリアス群・コード：ジェペットHenri Kyōsei-gata Ēteriasu-gun - Kōdo: Jepetto,片利共生型エーテリアス群・コード：ジェペット
ゲラントGeranto,ゲラント
幽霊船の大冒険Yūrēsen no Daibōken,幽霊船の大冒険
ジンジャーJinjā,ジンジャー
少女AShōjo A,少女A
レインRein,レイン
オツリOtsuri,オツリ
ゴブリンGoburin,ゴブリン
スピード・ドリフトSupīdo Dorifuto,スピード・ドリフト
決戦！「GOD FINGER」の頂,決戦！「GOD FINGER」の頂
ゴールド・ラプソディーGōrudo Rapusodī,ゴールド・ラプソディー
ゴールドボンプGōrudo Bonpu,ゴールドボンプ
ゴールドボンプGōrudobonpu,ゴールドボンプ
こんばんは、新エリー都！Konbanwa Shin Eri To,こんばんは、新エリー都！
良い品屋Yoihin Ya,良い品屋
グレース・ハワードGurēsu Hawādo,グレース・ハワード
宗師Sōshi,宗師
谷じいTani Jī,谷じい
レイシャおばあさんReisha Obāsan,レイシャおばあさん
ヘルバHeruba,ヘルバ
グラビティが結ぶ出会いGurabiti ga Musubu De'ai,グラビティが結ぶ出会い
映画鑑賞ノートĒgakanshō Nōto,映画鑑賞ノート
グレポGurepo,グレポ
マリオネット・グレイベールMarionetto - Gurei Bēru,マリオネット・グレイベール
清Sei[!][!]Assumed reading,清
グレーテルGurēteru,グレーテル
ゾーイZōi,ゾーイZōi
アンナイボンプAnnaibonpu,アンナイボンプ
ゴウホウGouhou,ゴウホウ
ホロウC41へ入る最良の方法を試してきてやった,ホロウC41へ入る最良の方法を試してきてやった
H.D.Dシステム,H.D.Dシステム
ホロウ調査協会Horō Chōsa Kyōkai,ホロウ調査協会
H.I.A.的未来,H.I.A.的未来
対ホロウ特別行動部第六課Tai Horou Tokubetsu Kōdōbu Dairokka,対ホロウ特別行動部第六課
H.A.N.D.本部H.A.N.D Honbu,H.A.N.D.本部
H.A.N.D.広場の入口,H.A.N.D.広場の入口
HIAセンターHIA Sentā,HIAセンター
調査協会記念コインChōsa Kyōkai Kinen Koin,調査協会記念コイン
HIAのデータサンプル,HIAのデータサンプル
調査協会補給ステーションChōsa Kyōkai Hokyū Sutēshon,調査協会補給ステーション
HIAスタッフ,HIAスタッフ
対ホロウ行動部特務隊Tai Horō Kōdōbu Tokumutai,対ホロウ行動部特務隊
ハレイHarei,ハレイ
あられ落つ星殿Arare Otsu Sēden,あられ落つ星殿
ハールHāru,ハール
ミディアムレアプラチナMidiamureapurachina,ミディアムレアプラチナ
"アクセサリ「ハムスターケージ」Akusesari ""Hamusutā Kēji""",アクセサリ「ハムスターケージ」
HID懐中電灯,HID懐中電灯
ハンナHanna,ハンナ
ハンスHansu,ハンス
ハーレーHārē,ハーレー
響き合う旋律Hibiki'au Senritsu,響き合う旋律
ハルトマン・レイヴンロックHarutoman Reibunlokku,ハルトマン・レイヴンロック
ハティHati,ハティ
ハワーラホロウHawārahorou,ハワーラホロウ
「花粉症I」,「花粉症I」
「花粉症II」,「花粉症II」
ハイヨトHaiyoto,ハイヨト
ヘーゼルHēzeru,ヘーゼル
マシナリー・ハートMashinarī Hāto,マシナリー・ハート
心弦のノクターンShinken no Nokutān,心弦のノクターン
ヘディーHedī,ヘディー
ヘレンHeren,ヘレン
へーリオス研究所Hēriosu Kenkyūjo,へーリオス研究所
燃獄ギアNengoku Gia,燃獄ギア
ヘミオラHemiora,ヘミオラ
ハイレックHairekku,ハイレック
Hi-Fi原盤,Hi-Fi原盤
隠された物語Kakusareta Monogatari,隠された物語
高次元データ：夢蝕む残鉄Gāowéi Shùjù: Yumemushibamu Zantetsu,高次元データ：夢蝕む残鉄
高次元データ：深紅の震慄Kōjigen Dēta: Shinku no Shinritsu,高次元データ：深紅の震慄
高次元データ：壊滅の突進Kōjigen Dēta: Kaimetsu no Totsushin,高次元データ：壊滅の突進
高次元データ：追襲の骸影Kōjigen Dēta: Tsuishū no Gai'ei,高次元データ：追襲の骸影
"高次元データ：拳、墜つKōjigen Dēta: Kobushi, Otsu",高次元データ：拳、墜つ
高次元データ：穢れた鞘翅Kōjigen Dēta: Kegareta Sayabane,高次元データ：穢れた鞘翅
高次元データ：断命の除伐Kōjigen Dēta: Danmei no Shobatsu,高次元データ：断命の除伐
高次元データ：凶刑の訃報Kōjigen Dēta: Kyōkē no Fuhō,高次元データ：凶刑の訃報
高次元データ：奇襲する魅影Kōjigen Dēta: Kishū suru Mikage,高次元データ：奇襲する魅影
高次元データ：鋼鉄の悪意Kōjigen Dēta: Kōtetsu no Aku'i,高次元データ：鋼鉄の悪意
高次元データ：閃く雷光Kōjigen Dēta: Hirameku Raikō,高次元データ：閃く雷光
高次元データ：奇怪なる毒刃Kōjigen Dēta: Kikai naru Dokujin,高次元データ：奇怪なる毒刃
彼の夢Kare no Yume,彼の夢
ヒッチスパイカーHitchisupaikā,ヒッチスパイカー
日渡Hiwatari[!][!]Assumed reading,日渡
シエナShiena,シエナ
ホークHōku,ホーク
ホロウC41,ホロウC41
ギミックGimikku,ギミック
マークMāku,マーク
リソースRisōsu,リソース
ホロウレスキュー・ホットラインHorouresukyū Hottorain,ホロウレスキュー・ホットライン
ホロウレイダーHoroureidā,ホロウレイダー
ホロウレイダーHorō Reidā,ホロウレイダー
ホロウレイダーの集いHorō Reidā no Tsudoi,ホロウレイダーの集い
ホロウ防災マニュアルHorō Bōsai Manyuaru,ホロウ防災マニュアル
零号ホロウZero-gō Horō,零号ホロウ
ホリィHorii,ホリィ
VR危局強襲戦,VR危局強襲戦
ホプリタイHopuritai,ホプリタイ
ホルモン・パンクHorumon Panku,ホルモン・パンク
ホーネットHōnetto,ホーネット
星見家Hoshimi Ke,星見家
星見雅Hoshimi Miyabi,星見雅
星見雅の髪飾りHoshimi Miyabi no Kamikazari,星見雅の髪飾り
星見宗一郎Hoshimi Sōichirō,星見宗一郎
ハウスキーパーHausukīpā,ハウスキーパー
ウーフŪfu,ウーフ
"「虎威」""Hu Ue""[!][!]Assumed reading",「虎威」
ヒューゴ・ヴラドHyūgo Vurado,ヒューゴ・ヴラド
コブウオKobuuo,コブウオ
フークレスFūkuresu,フークレス
ハスクロンHasukuron,ハスクロン
ツール・ド・インフェルノTsūru do Inferuno,ツール・ド・インフェルノ
極限依頼Kyokugen Irai,極限依頼
極限依頼：PVサウンドトラック集Kyokugen Irai: PV Saundotorakku-shū,極限依頼：PVサウンドトラック集
インターノットIntānotto,インターノット
元お金持ちMoto o kanemochi,元お金持ち
玉壺青氷Gyoukko Seihyō,玉壺青氷
ドリフトアイス・ホロウDorifutoaisu Horou,ドリフトアイス・ホロウ
イーダĪda,イーダ
アイドリック・カデンツァAidorikku Kadentsa,アイドリック・カデンツァ
予期せぬ変数Yoki senu Hensū,予期せぬ変数
炎獄のヘヴィメタルEngoku no Hevimetaru,炎獄のヘヴィメタル
モクドンドンMokudondon,モクドンドン
クロKuro,クロ
研究所の金庫Enkyūsho no Kinko,研究所の金庫
クレジットKurejitto,クレジット
インターノットのトレンドIntānotto no Torendo,インターノットのトレンド
インターノットレベルIntanotto Reberu,インターノットレベル
インターノット会員Intānotto Kaiin,インターノット会員
虚白なる荒廃の地へKyohakunaru Kouhai no Chi e,虚白なる荒廃の地へ
闇への進入Yami e no Shin'nyu,闇への進入
探査Tansa,探査
調査員Chōsain,調査員
殺意の誘いSatsu'i no Sasoi,殺意の誘い
電離体・デュラハンDenritai - Dyurahan,電離体・デュラハン
電離体・タナトスDenritai - Tanatosu,電離体・タナトス
電離体・ドッペルゲンガー・狛野真斗Denritai - Dopperugengā - Komano Manato,電離体・ドッペルゲンガー・狛野真斗
イチハツは水辺に咲いてIchihatsu wa Mizube ni Saite,イチハツは水辺に咲いて
鉄則と暴挙Tessoku to Bōkyo,鉄則と暴挙
鉄アタマTetsu Atama,鉄アタマ
イゾルデIzorude,イゾルデ
"ボンプ生、山あり谷ありBonpu Sē, Yama Ari Tani Ari",ボンプ生、山あり谷あり
"「いま取り込み中、留守電でヨロ」""Ima Torikomi Chū, Rusuden de Yoro""",「いま取り込み中、留守電でヨロ」
アイヴィーAivī,アイヴィー
アイビーAibī,アイビー
ジャックJakku,ジャック
ジェイコブJeikobu,ジェイコブ
ジャクリーンJakurīn,ジャクリーン
ジェーン・ドゥJēn Du,ジェーン・ドゥ
ジェーンの顧問証明書Jēn no Komon Shōmēsho,ジェーンの顧問証明書
ヤヌス区Ya'nusu Ku,ヤヌス区
琴音Kotone[!][!]Assumed reading,琴音
ジェンJen,ジェン
カオGao,カオ
ジャーハオJāhao,ジャーハオ
ジンJin,ジン
ジョーJō,ジョー
ジョージョーJōjō,ジョージョー
ジョージョーの無重力な探検Jōjō no Mujyūryoku na Tanken,ジョージョーの無重力な探検
ジョバートJobāto,ジョバート
ジョーイJōi,ジョーイ
ジョリー・ジョニーJorī Jonī,ジョリー・ジョニー
ジョナJona,ジョナ
ヨランの遺作Yoran no Isaku,ヨランの遺作
ヨラン・デウィンターYoran De Uintā,ヨラン・デウィンター
ジョイスJoisu,ジョイス
喧嘩腰のボンバルダムKenkagoshi no Bonbarudamu,喧嘩腰のボンバルダム
楓Kaede[!][!]Assumed reading,楓
ケイKei,ケイ
海藤Kaidō[!][!]Assumed reading,海藤
釜之助Kamanosuke,釜之助
カミKami,カミ
カミノスKami Nosu,カミノス
カルンKarun,カルン
カローニKarōni,カローニ
カーサKāsa,カーサ
ホルス・ベロボーグHorusu Berobōgu,ホルス・ベロボーグ
キーランKīran,キーラン
チーちゃんChī-chan,チーちゃん
キムKimu,キム
為善最楽メダルXIII,為善最楽メダルXIII
為善最楽メダルXIV,為善最楽メダルXIV
為善最楽メダルXVI,為善最楽メダルXVI
為善最楽メダルXV,為善最楽メダルXV
キングプロテアKingupurotea,キングプロテア
キングスネイクKingusuneiku,キングスネイク
キング・オブ・ロードKingu Obu Rōdo,キング・オブ・ロード
大山を統べる者Taisan wo Suberu-mono,大山を統べる者
キングダムKingudamu,キングダム
霧島Kirishima,霧島
遍歴の騎士のヘルメットBenreki no Kishi no Herumetto,遍歴の騎士のヘルメット
騎士と城Kishi to Shiro,騎士と城
キシドウボンプKishidoubonpu,キシドウボンプ
クレタ・ベロボーグKureta Berobōgu,クレタ・ベロボーグ
狛野真斗Komano Manato,狛野真斗
高坂Kōsaka,高坂
セイレーンクレードルSeirēn Kurēdoru,セイレーンクレードル
"「クランプスの黒枝」""Kuranpusu no Kuroeda""",「クランプスの黒枝」
葵Aoi[!][!]Assumed reading,葵
キラKira,キラ
キーリーKīrī,キーリー
ニャーゴちゃんNyāgo Chan,ニャーゴちゃん
ランプブランチRanpuburanchi,ランプブランチ
ランスRansu,ランス
ランドンRandon,ランドン
ランタンザカナRantanzakana,ランタンザカナ
ランサRansa,ランサ
ラスト・フライトRasuto Furaito,ラスト・フライト
最後の一瞥と最初の出会いSaigo no Ichibetsu to Saisho no De'ai,最後の一瞥と最初の出会い
ロレンスRorensu,ロレンス
ファルケンハイン傭兵団の長Farukenhain Yōheidan no Osa,ファルケンハイン傭兵団の長
カリュドーンの子Karyudōn no Ko,カリュドーンの子
ルブランRuburan,ルブラン
イエロー・フーIerō Fū,イエロー・フー
"『猛虎伏魔伝！』""Mōko Fukuma Den!""",『猛虎伏魔伝！』
レイフReifu,レイフ
麗Rei[!][!]Assumed reading,麗
ラマニアンホロウRamanian Horou,ラマニアンホロウ
レオンくんReon-kun,レオンくん
レオナReona,レオナ
レルナReruna,レルナ
"「レテ」""Rete""",「レテ」
プルにゃんへ…Puru-nyan e…,プルにゃんへ…
レティReti,レティ
レバーRebā,レバー
リーRī,リー
リー・バオロンRī Baoron,リー・バオロン
ルオンRuon,ルオン
ライトRaito,ライト
ザフラッシュナーブZafurasshunābu,ザフラッシュナーブ
リコRiko,リコ
ちょっぴりあざといChoppiri Azatoi,ちょっぴりあざとい
リリカRirika,リリカ
リリィRirī,リリィ
ユリYuri,ユリ
ライオネル・タイムフィールドLioneru Taimufīrudo,ライオネル・タイムフィールド
シシカサゴShishikasago,シシカサゴ
リーズRīzu,リーズ
トビダコTobidako,トビダコ
ちびっ子騎士の大突撃Chibikko Kishi no Dai Totsugeki,ちびっ子騎士の大突撃
活性ドライブKassē Doraibu,活性ドライブ
リーゼRīze,リーゼ
ロッカーRokkā,ロッカー
配送トラブルHaisō Toraburu,配送トラブル
ロッキーRokkī,ロッキー
ローラRōra,ローラ
コッチミルナKocchimiruna,コッチミルナ
ロードスネイクRōdosuneiku,ロードスネイク
ブロンズギアマスターBuronzugiamasutā,ブロンズギアマスター
ロレンツ少将Rorentsu Shōshō,ロレンツ少将
迷子の猫Maigo no Neko,迷子の猫
落とし物捜索Otoshimono Sōsaku,落とし物捜索
サプライボックスSapuraibokkusu,サプライボックス
レゾブレムRezoburemu,レゾブレムRezoburemu
"「花束のように愛慕して」""Hataba no yoni Aibo shite""",「花束のように愛慕して」
ルシアーナ・オクシスィース・テオドロ・デ・モンテフィーノRushiāna Okushisīsu Teodoro de Montefīno,ルシアーナ・オクシスィース・テオドロ・デ・モンテフィーノ
ルシウスRushiusu,ルシウス
オマネキボンプOmanekibonpu,オマネキボンプ
ルクローRukurō,ルクロー
ルカRuka,ルカ
ルミナスクエアRuminasukuea,ルミナスクエア
さんSUNサングラス,さんSUNサングラス
ローRō,ロー
ルピタRupita,ルピタ
クイック支援：ルッツジャンプ_JP0A,クイック支援：ルッツジャンプ
LV60、王の帰還,LV60、王の帰還
フォン・ライカンFon Raikan,フォン・ライカン
ライカン・セレクションRaikan Serekushon,ライカン・セレクション
リディアRidia,リディア
ライラRaira,ライラ
凛Rin,凛
ライアー小隊Raiā Shōtai,ライアー小隊
ライアー小隊の録音テープRaiā Shōtai no Rokuon Tēpu,ライアー小隊の録音テープ
マクドナルドボンプンナンナMakudonarudobonpunnanna,マクドナルドボンプンナンナ
マッハ25Mahha 25,マッハ25
機械Kikai,機械
サバSaba,サバ
マッド・チャージMaddo Chāji,マッド・チャージ
クッツキボンプKuttsukibonpu,クッツキボンプ
シイラShiira,シイラ
マンボウManbou,マンボウ
ジュゴンJugon,ジュゴン
マンドレイクMandoreiku,マンドレイク
タンビマンタTanbimanta,タンビマンタ
マルセルグループMaruseru Gurūpu,マルセルグループ
マルセルの迷宮Maruseru no Meikyū,マルセルの迷宮
たたかえ！三尺ヒーローTatakae Sanjaku Hīrō,たたかえ！三尺ヒーロー
マルコMaruko,マルコ
マリーンMarīn,マリーン
マーヴィンMāvin,マーヴィン
"「覆面の研究者」""Fukumen no Kenkyūsha""",「覆面の研究者」
未加工マスターテープMikakō Masutātēpu,未加工マスターテープ
ドリンクマスターDorinkumasutā,ドリンクマスター
マスターピースMasutāpīsu,マスターピース
マットMatto,マット
終結スキル：殲滅モードMAXShūketsu Sukiru: Senmetsu Mōdo MAX,終結スキル：殲滅モードMAX
"願わくば、誰もが1ディニーを持っていますようにNegaiwakuba, Dare mo ga Ichi Dinī wo Motteimasu yōni",願わくば、誰もが1ディニーを持っていますように
込められた思いKomerareta  Omoi,込められた思い
メイフラワー市長Meifurawā Shichō,メイフラワー市長
マックダンMakku Dan,マックダン
黄金魔神ギアゴルドŌgon Majin Gia Gorudo,黄金魔神ギアゴルド
「メガロフォビアI」,「メガロフォビアI」
「メガロフォビアII」,「メガロフォビアII」
「メガロフォビアIII」,「メガロフォビアIII」
「メガロフォビアIV」,「メガロフォビアIV」
メイリンMeirin,メイリン
"ホロウ「メリノエ」Horou ""Merinoe""",ホロウ「メリノエ」
"ホロウ「メリノエ」の入口Horou ""Merinoe"" no Iriguchi",ホロウ「メリノエ」の入口
メローMerō,メロー
ホームシックHōmushikku,ホームシック
いまでも夢を覚えていますかImademo Yumewo Oboeteimasuka,いまでも夢を覚えていますか
思い出コレクションOmoide Korekushon,思い出コレクション
ニャ～Nya~,ニャ～Nya~
人魚Ningyo,人魚
鋼鉄のキメラKōtetsu no Kimera,鋼鉄のキメラ
狸の七変化Tanuki no Nana Henka[!][!]Assumed reading,狸の七変化
メトロゴブリンMetoro Goburin,メトロゴブリン
列車ターミナル・中央Ressha tāminaru chūō,列車ターミナル・中央
列車ターミナル・外周Ressha tāminaru gaishū,列車ターミナル・外周
メヴォラク司教Mevoraku Shikyō,メヴォラク司教
にゃんきち長官Nyankichi Chōkan,にゃんきち長官
ミーアMīa,ミーア
ミアズマMiazuma,ミアズマ
ミアズマの司祭Miazuma no Shisai,ミアズマの司祭
ミアズマのひなMiazuma no Hina,ミアズマのひな
ミアズミック・ドッペルゲンガー・深淵の断罪者Miazumikku - Dopperugengā - Shin'en no Danzaisha,ミアズミック・ドッペルゲンガー・深淵の断罪者
ミアズミック・ドッペルゲンガー・ジェーンMiazumikku Dopperugengā Jēn,ミアズミック・ドッペルゲンガー・ジェーン
"ミアズミック・ドッペルゲンガー・「背信者」Miazumikku Dopperugengā - ""Haishinsha""",ミアズミック・ドッペルゲンガー・「背信者」
ミアズミック・トラキアンMiasumikku - Torakian,ミアズミック・トラキアン
ミアズミック・トリノックスMiazumikku Torinokkusu,ミアズミック・トリノックス
ミアズミック・ドッペルゲンガー・狛野真斗Miazumikku - Dopperugengā - Komano Manato,ミアズミック・ドッペルゲンガー・狛野真斗
ミアズマ・フィーンド・名は名なれどMiazuma Fīndo - Na wa Naredo,ミアズマ・フィーンド・名は名なれど
ミアズマ・レムナント・キャノニアMiazuma Remunanto Kyanonia,ミアズマ・レムナント・キャノニア
ミアズマ・レムナント・ディフェンダーMiazuma Remunanto Difendā,ミアズマ・レムナント・ディフェンダー
ミッドサマー社Middosamā Sha,ミッドサマー社
"「シルバーヘッド」ミゲル""Shirubā Heddo"" Migeru",「シルバーヘッド」ミゲル
ミカMika,ミカ
ミレーナMirēna,ミレーナ
"「目押し」の神髄""Me'oshi"" no Shinzui",「目押し」の神髄
明遠Mei'en[!][!]Assumed reading,明遠
ミニマム・ブラックホールMinimamu Burakkuhōru,ミニマム・ブラックホール
自走カーゴJisō Kāgo,自走カーゴ
ミントエスプレッソMintoesupuresso,ミントエスプレッソ
ミラMira,ミラ
ミッシェルMissheru,ミッシェル
ミシュカMishuka,ミシュカ
ミス・エスメMisu Esume,ミス・エスメ
光治Mitsuharu[!][!]Assumed reading,光治
モカチーノMokachīno,モカチーノ
"「モッキンバード」""Mokkinbādo""",「モッキンバード」
模型：サプレッサーVI型,模型：サプレッサーVI型
ホロウ：インポッシブルHorō: Inposshiburu,ホロウ：インポッシブル
ホロウ：インポッシブル(上)Horō: Inpossshiburu (Jyō),ホロウ：インポッシブル(上)
ホロウ：インポッシブル(中)Horō: Inposshiburu (Chū),ホロウ：インポッシブル(中)
モニカMonika,モニカ
モナMona,モナ
モノクロームMonokurōmu,モノクローム
モノクロストアMonokurosutoa,モノクロストア
モンスター・デュエットMonsutā Dyuetto,モンスター・デュエット
月光騎士の讃歌Gekko Kishi no Sanka,月光騎士の讃歌
ムーンロックモカMūnrokkumoka,ムーンロックモカ
モルスMorusu,モルス
ヴィーゴ・モスVīgo Mosu,ヴィーゴ・モス
山獅子組Yamashishi Gumi,山獅子組
追悼ボンプTsuitō Bonpu,追悼ボンプ
パシャじいPasha Jī,パシャじい
東さんTō-san,東さん
ハロウHarō,ハロウ
ミスターZMisuta Z,ミスターZ
ヤニー婆さんYanī Bāsan,ヤニー婆さん
ユイおばさんYui Obachan,ユイおばさん
ヨモギYomogi,ヨモギ
シャクヤクShakuyaku,シャクヤク
ムーチンMūchin,ムーチン
モレMore,モレ
音楽って魔法なのOngakutte Mahōnano,音楽って魔法なの
侵蝕異化Shinshoku Ika,侵蝕異化
千面の落日Senmen no Rakujitsu,千面の落日
"「謎の声」""Nazo no Koe""",「謎の声」
新エリー都治安局Shin Eri to Chi'an kyoku,新エリー都治安局
ナッチNacchi,ナッチ
月城柳Tsukishiro Yanagi,月城柳Tsukishiro Yanagi
ナランNaran,ナラン
オウムガイOumugai,オウムガイ
ナビデータNabidēta,ナビデータ
ナビデータセットNabidētasetto,ナビデータセット
猫宮又奈Nekomiya Mana,猫宮又奈
新エリー都Shin Erī To,新エリー都
新エリー都の地下鉄Shin Erī-do no Chikatetsu,新エリー都の地下鉄
ティーミルクの新メニューTīmiruku no Shin Menyū,ティーミルクの新メニュー
改造新型音動機Kaizō Shingata Ondōki,改造新型音動機
初生のデッドエンドブッチャーShosē no Deddo Endo Butchā,初生のデッドエンドブッチャー
初生のデュラハンShosē no Dyurahan,初生のデュラハン
ニコ・デマラNiko Demara,ニコ・デマラ
相利共生型エーテリアス群・コード：ニネヴェAiri Kyōsei-gata Ēteriasu-gun - Kōdo: Nineve,相利共生型エーテリアス群・コード：ニネヴェ
ニネヴェNineve,ニネヴェ
ニトロフューエルNitorofyūeru,ニトロフューエル
ナインNain,ナイン
"「麺屋錦鯉」""Menya Nishikikoi""",「麺屋錦鯉」
ノスNosu,ノス
グルメじゃなくてGurume janakute,グルメじゃなくて
メモMemo,メモ
要警戒・デッドエンドブッチャーYōkēkai - Deddo Endo Butchā,要警戒・デッドエンドブッチャー
要警戒・ハティYōkēkai - Hati,要警戒・ハティ
要警戒・マリオネットYōkēkai - Marionetto,要警戒・マリオネット
要警戒・ポンペイYōkēkai - Ponpei,要警戒・ポンペイ
要警戒・タナトスYōkēkai - Tanatosu,要警戒・タナトス
要警戒狩りYō Kēkai Kari,要警戒狩り
サクリファイス・ブリンガーSakurifaisu Buringā,サクリファイス・ブリンガー
マリオネット・ツインズMarionetto Tsuinzu,マリオネット・ツインズ
ワンダリングハンターWandaringuhantā,ワンダリングハンター
"「千面相」""Senmensō""",「千面相」
オボルス小隊Oborusu Shōtai,オボルス小隊
黒曜の刃Kokuyō no Ha[!][!]Assumed reading,黒曜の刃
朱鳶Shu En,朱鳶Shu En
OH～ハニ～,OH～ハニ～
デミルじいさんDemiru Jīsan,デミルじいさん
デュイのおやじDui no Oyaji,デュイのおやじ
デュイのおやじの整体スタジオDui no Oyaji no Sētai Sutajio,デュイのおやじの整体スタジオ
年配の調査員Nenpai no Chōsain,年配の調査員
目隠しの女性の古い写真Mekakushi no Josē no Furui Shashin,目隠しの女性の古い写真
オーリーŌrī,オーリー
影に潜むフーガKage ni Hisomu Fūga,影に潜むフーガ
月曜から金曜までGetsuyō kara Kinyō made,月曜から金曜まで
遥かなる深淵に臨めどもHaruka naru Shinen ni Nozome domo,遥かなる深淵に臨めども
1ディニーボンプ1 Dinī Bonpu,1ディニーボンプ
ワンパンキルⅠWanpankiru I,ワンパンキルⅠ
野々Nono[!][!]Assumed reading,野々
ファーストジャブFāsutojabu,ファーストジャブ
プレコストムス作戦Purekosutomusu Sakusen,プレコストムス作戦
オフィーリアOfīria,オフィーリア
エピック・オブ・オレンジEpikku Obu Orenji,エピック・オブ・オレンジ
ランRan,ラン
ランの返信Ran no Henshin,ランの返信
生物Seibutsu,生物
原色Genshoku,原色
オレンダOrenda,オレンダ
目には見えないものMe ni wa Mi'enai Mono,目には見えないもの
目には見えないものMe niwa Mienai Mono,目には見えないもの
郊外Kōgai,郊外
"「覇者」歓迎の宴""Hasha"" Kangē no Utage",「覇者」歓迎の宴
コンカースネイクKonkāsuneiku,コンカースネイク
サビサンボンプSabisanbonpu,サビサンボンプ
ペイジPeiji,ペイジ
パウルPauru,パウル
パリクスParikusu,パリクス
潘引壺Pan Infū,潘引壺Pan Infū
パパゴホロウPapago Horou,パパゴホロウ
ハコイリボンプHakoiribonpu,ハコイリボンプ
心霊探検日記Shinrēi Tanken Nikki,心霊探検日記
駐車場Chūshajō,駐車場
熱狂_JP0A,熱狂
パロParo,パロ
ポールチャックPōru Chakku,ポールチャック
秩序の守り手・特化型Chitaujo no Mamorite - Tokkagata,秩序の守り手・特化型
ペンギンボンプPenginbonpu,ペンギンボンプ
物思いにふける少女Monoomoinifukeru Shōjo,物思いにふける少女
ピッパPippa,ピッパ
ペッパーラテPeppārate,ペッパーラテ
苦難の果てにKunan no Hate ni,苦難の果てに
"苦難の果て、星へKunan no Hate, Hoshi e",苦難の果て、星へ
ハンバーガーのおともHanbāgā no Otomo,ハンバーガーのおとも
スコアチェックポイントSukoachekkupointo,スコアチェックポイント
ペイトンPeiton,ペイトン
"「パエトーン」の歌""Paetōn"" no Uta",「パエトーン」の歌
シャドウズ・ハントShadouzu Hanto,シャドウズ・ハント
災厄が覆う道Saiyaku ga Ōu Michi[!][!]Assumed reading,災厄が覆う道
"怪盗、月光と共に参上Kaitō, Gekkō to Tomoni Sanjō",怪盗、月光と共に参上
フェイFei,フェイ
フィルFiru,フィル
フィリップFirippu,フィリップ
6人の写真Rokunin no Shashin,6人の写真
若い女性の写真Wakai Josē no Shashin,若い女性の写真
物理Butsuri,物理
絵本Ehon,絵本
棚ぼたTanabota,棚ぼた
臓腑も凍る雨夜Sōfu mo Kooru Ameyo,臓腑も凍る雨夜
マツMatsu,マツ
ピンクのウサギと新年のご褒美Pinku no Usagi to Shinnen no Gohōbi,ピンクのウサギと新年のご褒美
パイパー・ウィールPaipā Uīru,パイパー・ウィール
8bitワールド大冒険,8bitワールド大冒険
プラチナボンプPurachina Bonpu,プラチナボンプ
プラチナボンプPurachinabonpu,プラチナボンプ
プラグノボンプPuragu no Bonpu,プラグノボンプ
周到なる準備Shudō naru Junbi,周到なる準備
極地のヘヴィメタルKyokuchi no Hevimetaru,極地のヘヴィメタル
ポルフPorufu,ポルフ
ポリクロームPorikurōmu,ポリクローム
ポンペイPonpei,ポンペイ
輝磁Kōji,輝磁
ポーセルメックスPōserumekkusu,ポーセルメックス
タマフグTamafugu,タマフグ
ポート・エルピスPōto Erupisu,ポート・エルピス
ポート・エルピスのホロウPōto Erupisu no Horō,ポート・エルピスのホロウ
ポート・プロムナードPōto Puromunādo,ポート・プロムナード
電力の復旧Denryoku no Fukkyu,電力の復旧
十面百錬の星Jūmen Hyakuren no Hoshi,十面百錬の星
斉漁Sē Ryō[!][!]Assumed reading,斉漁
「原始の悪意I」,「原始の悪意I」
「原始の悪意II」,「原始の悪意II」
「原始の悪意III」,「原始の悪意III」
プロゲーマーPurogēmā,プロゲーマー
プロト・パンクPuroto Panku,プロト・パンク
プロキシPurokishi,プロキシ
プロキシノートPurokishinōto,プロキシノート
代理保護者・ボンプ探しDairi Hogosha - Bonpu Sagashi,代理保護者・ボンプ探し
プライヤーPuraiyā,プライヤー
治安局駐在所Chi'an Kyoku Chūzaishō,治安局駐在所
治安官と新年のパニックJi'ankan to Shinnen no Panikku,治安官と新年のパニック
"「治安パトロール強化月間」イベントアンケート""Ji'an Patorōru Kyōka Gekkan"" Ibento Ankēto",「治安パトロール強化月間」イベントアンケート
治安官小隊Chiankan Shōtai,治安官小隊
パファー・エレクトロPafā Erekutoro,パファー・エレクトロ
プルクラ・フェリーニPurukura Ferīni,プルクラ・フェリーニ
プルクラPurukura,プルクラ
レジェンド・オブ・パープルRejendo Obu Pāpuru,レジェンド・オブ・パープル
プルセナスホロウPurusenasu Horou,プルセナスホロウ
サーチアンドデストロイSāchiandodesutoroi,サーチアンドデストロイ
魔法の立体パズルMahō no Rittai Pazuru,魔法の立体パズル
青溟の鳥籠Seimei no Dorikago,青溟の鳥籠
青溟剣Seimei-ken,青溟剣
青衣Chin'ī,青衣
青雲Seiun[!][!]Assumed reading,青雲
キキKiki,キキ
カンフー・ボンプKanfū Bonpu,カンフー・ボンプ
抜き打ち検査Nukiuchi Kensa,抜き打ち検査
キホーテKihōte,キホーテ
うさぎのしっぽの長さUsagi no Shippo no Nagasa,うさぎのしっぽの長さ
ラジオRajio,ラジオ
エレクトロウォークErekutorowōku,エレクトロウォーク
夜雨に紛れる恋愛マスターYau ni Magireru Ren'ai Masutā,夜雨に紛れる恋愛マスター
ビデオ屋Bide'oya,ビデオ屋
レアアースReaāsu,レアアース
レイヴンロック家Reivunrokku Ke,レイヴンロック家
レイ・エリツィンRei Eritsin,レイ・エリツィン
レイセンReisen,レイセン
レイザーReizā,レイザー
ワイルドドライバーWairudodoraibā,ワイルドドライバー
赤牙組Sekigagumi,赤牙組
真紅のモックスShinku no Mokkusu,真紅のモックス
ルイドRuido,ルイド
レナRena,レナ
エンドレス・ハンティングEndoresu Hantingu,エンドレス・ハンティング
カスタムショップKasutamushoppu,カスタムショップ
リノRino,リノ
賞金稼ぎ代理人Shōkin Kasegi Dairinin,賞金稼ぎ代理人
リセットボタンRisettobotan,リセットボタン
余波シグナルYoha Shigunaru,余波シグナル
レゾナンボンプRezonanbonpu,レゾナンボンプ
共振和音Kyōshin Wa'on,共振和音
共振共鳴Kyōshin Kyōmē,共振共鳴
ビジターセンターBijitāsentā,ビジターセンター
リサイクルRisaikuru,リサイクル
資源回収チームShigen Kaishū Chīmu,資源回収チーム
途切れて続くTogirete Tsudzuku,途切れて続く
トレーニング後のリラックスTorēningu Go no Rirakkusu,トレーニング後のリラックス
A級音動機指定パック・再始動,A級音動機指定パック・再始動
"「忙しい合間を縫う」主婦""Isogashī Aima wo Nū"" Shufu",「忙しい合間を縫う」主婦
セカンドライフSekandoraifu,セカンドライフ
ジャーロ・シティJāro Shiti,ジャーロ・シティ
新エリー都への復讐Shin Eri To e no Fukushū,新エリー都への復讐
売上Uriage,売上
リバーブ・アリーナRibābu Arīna,リバーブ・アリーナ
ラッキーリボルバーRakkīriborubā,ラッキーリボルバー
若妍Jakuken[!][!]Assumed reading,若妍
ミュージック・フレンジーMyūjikku Furenjī,ミュージック・フレンジー
ミュージックパーティーMyūjikkupātī,ミュージックパーティー
リチャード・ティーミルクRichādo Tīmiruku,リチャード・ティーミルク
リッチーRicchī,リッチー
歌姫、お忍び新エリー都Utahime Oshinobi Shin Eri To,歌姫、お忍び新エリー都
エリー・クロニクルErī Kuronikuru,エリー・クロニクル
シティ速報Shiti Sokuhō,シティ速報
エリー遊歩Erī Yūho,エリー遊歩
招福の虎炉Shōfuku no Koro,招福の虎炉
グロウル・マイ・カーGurouru Mai Kā,グロウル・マイ・カー
ヘッジホッグ・ホイールHejjihoggu Hoīru,ヘッジホッグ・ホイール
ロビンRobin,ロビン
ハヤスギボンプHyasugibonpu,ハヤスギボンプ
ローランドRōrando,ローランド
マキダコMakidako,マキダコ
ロニーRonī,ロニー
ホロウヒッチハイク・ガイドHorouhicchihaiku Gaido,ホロウヒッチハイク・ガイド
バラBara,バラ
ローウェンRōwen,ローウェン
ロイRoi,ロイ
ゴムGomu,ゴム
ルビーRubī,ルビー
命破Mēha,命破
ラスティ・ウェーブRasuti Wēbu,ラスティ・ウェーブ
サクリファイスSakurifaisu,サクリファイス
サクリファイス・ブリンガーSakurifaisu - Buringā,サクリファイス・ブリンガー
サクリファイス・コヴェナント・ガーディアンSakurifaisu Kovenanto Gādian,サクリファイス・コヴェナント・ガーディアン
サクリファイスのコアSakurifaizsu no Koa,サクリファイスのコア
ゴアンゼンGoanzen,ゴアンゼン
イチロIchiro,イチロ
箱の賢者Hako no Kenja,箱の賢者
ヤリカジキYarikajiki,ヤリカジキ
サムスン・フーSamusun Fū,サムスン・フー
サンディSandi,サンディ
サシャSasha,サシャ
サラ・フローレンSara,サラ・フローレン
GWを救え,GWを救え
どこでもグルメDoko Demo Gurume,どこでもグルメ
花言葉に秘めた想いHanakotoba ni Himeta Omoi,花言葉に秘めた想い
スカーレットエンジンSukārettoenjin,スカーレットエンジン
シナリオケース：D0001,シナリオケース：D0001
シナリオケース：D0003,シナリオケース：D0003
シナリオケース：UC-0002,シナリオケース：UC-0002
シナリオケース：UC-0003,シナリオケース：UC-0003
シナリオケース：UC-0006,シナリオケース：UC-0006
シナリオケース：UC-0009,シナリオケース：UC-0009
シナリオケース：UC-0011,シナリオケース：UC-0011
シナリオケース：UC-0013,シナリオケース：UC-0013
シナリオケース：UC-0014,シナリオケース：UC-0014
レベルカンスト小学生Reberukansuto Shōgakusē,レベルカンスト小学生
スコット前哨基地Skotto Zenshō Kichi,スコット前哨基地
海神様Kaijin Sama,海神様
タイム香る海辺Taimu Kaoru Umibe,タイム香る海辺
シェーンShēn,シェーン
海辺の貝殻Umibe no Kaigara,海辺の貝殻
雲霞の行き着く処Unka no Ikitsuku Cho,雲霞の行き着く処
遅れてきた波の花たちにOkuretekita Nami no Hana tachi ni,遅れてきた波の花たちに
セセSese,セセ
二度目の救援Nidome no Kyū'en,二度目の救援
"「闇医者」""Yamiisha""",「闇医者」
対ホロウ六課オフィスTai Horō Rokka Ofisu,対ホロウ六課オフィス
セキュリティドアSekyuritidoa,セキュリティドア
"「ビッグ・シード」""Biggu Shīdo""",「ビッグ・シード」
"食は万物に通ず。いざ心身を磨かん！Shoku wa Banbutsu ni Ttūzu, Iza Shinshin wo Mikan",食は万物に通ず。いざ心身を磨かん！
哨兵Shōhei,哨兵
セレナSerena,セレナ
セレンSeren,セレン
生真面目な少女Kimajimena Shōjo,生真面目な少女
セス・ローウェルSesu Rōueru,セス・ローウェル
純然の犠牲Junzen no Gisē,純然の犠牲
シャドウハーモニーShadou Hāmonī,シャドウハーモニー
「恐怖の影I」,「恐怖の影I」
「恐怖の影II」,「恐怖の影II」
「恐怖の影III」,「恐怖の影III」
「恐怖の影IV」,「恐怖の影IV」
「恐怖の影V」,「恐怖の影V」
シャークバーストShāku Bāsuto,シャークバースト
ガブットボンプGabuttobonpu,ガブットボンプ
シャロンSharon,シャロン
冴えるボンプ探偵Saeru Bonpu Tantei,冴えるボンプ探偵
磨き抜かれた切っ先Migaki Nukareta Kissaki,磨き抜かれた切っ先
ショーンShōn,ショーン
シープドッグShīpudoggu,シープドッグ
シラShira,シラ
コウラKoura,コウラ
"「羊飼い」""Hitsujikai""",「羊飼い」
シールド値Shīrudo Chi[!][!]Assumed reading,シールド値
きらめきKirameki,きらめき
安定ノードAntē Nōdo,安定ノード
葉釈淵Yō Shakuen[11],葉釈淵Yō Shakuen[11]
ショックスター・ディスコShokkusutā Disuko,ショックスター・ディスコ
ショップShoppu,ショップ
シュイShui,シュイ
葉瞬光Yō Shunkō[3],葉瞬光Yō Shunkō[3]
チーチーChīchī,チーチー
西井Nishī[!][!]Assumed reading,西井
シエナShi'ena,シエナ
冥き目と幽世の花Kurakime to Kakuriyo no Hana,冥き目と幽世の花
変調Henchō,変調
シルバーブレード解放Shirubā Burēdo Kaihō,シルバーブレード解放
0号・アンビーZero Gō - Anbī,0号・アンビー
シルバーソルジャーの歌Shirubā Sorujā no Uta,シルバーソルジャーの歌
VRランキング争奪戦,VRランキング争奪戦
シータShīta,シータ
現場の見取図Genba no Mitorizu,現場の見取図
シックスシューターShikkusu Shūtā,シックスシューター
ショウルShōru,ショウル
トビウオTobiuo,トビウオ
スレイプSureipu,スレイプ
歳月の薄片Saigetsu no Hakupen,歳月の薄片
ノロNoro,ノロ
ヘビィハンマーHebiihanmā,ヘビィハンマー
スネークデュエルSunēku Dyueru,スネークデュエル
スネーク・デュエルSunēku Dyueru,スネーク・デュエル
カチャコKachako,カチャコ
キンギョソウKingyosou,キンギョソウ
スネークSunēku,スネーク
雪玉Yukidama,雪玉
蒼穹に響く鶴鳴Sōkyū ni Hibiku Kakumē,蒼穹に響く鶴鳴
ソファSofa,ソファ
ソフィーSofī,ソフィー
ソロブホロウSorobuhorou,ソロブホロウ
HIAのVR体験イベントで事件が起きた！対ホロウ六課が参加したやつ！,HIAのVR体験イベントで事件が起きた！対ホロウ六課が参加したやつ！
ソフィアSofia,ソフィア
ソルデドゥスSorudedousu,ソルデドゥス
ソウルハウンドIII,ソウルハウンドIII
ソウル・ロックSouru Rokku,ソウル・ロック
潮騒の声Shiosai no Koe,潮騒の声
空白Kūhaku,空白
火打石Hi'uchi'ishi,火打石
特殊Tokushu,特殊
特殊スキル：縛裂式・I型,特殊スキル：縛裂式・I型
シュガーボムShugābomu,シュガーボム
特殊スキル：昼錦堂_JP0A,特殊スキル：昼錦堂
特殊スキル：V式サンライズ・アッパー,特殊スキル：V式サンライズ・アッパー
"「オーダーメイド」ケーキ""Ōdā Meido"" Kēki",「オーダーメイド」ケーキ
スペシャル・ミュージックSupesharu Myūjikku,スペシャル・ミュージック
スペシャルプログラムSupesharupuroguramu,スペシャルプログラム
スペシャルゲストSupesharugesuto,スペシャルゲスト
スペクターSupekutā,スペクター
奪魂の暝目Datsukon no Meimoku,奪魂の暝目
デッド・ヒートDeddo Hīto,デッド・ヒート
メカチェイスMekacheisu,メカチェイス
怪啖屋Kaidanya,怪啖屋
スポットライトアリーナSupottoraitoarīna,スポットライトアリーナ
ホットスプリングHotto Supuringu,ホットスプリング
話題のキャストWadai no Kyasuto,話題のキャスト
フィジカルトレーニングFijikarutorēningu,フィジカルトレーニング
明星のブレスレットMyōjo no Buresuretto,明星のブレスレット
スターシャイン・トランスフォームSutāshain Toransufōmu,スターシャイン・トランスフォーム
スターライトエンジンSutāraito Enjin,スターライトエンジン
なんちゃってスターライトエンジンNan Chatte Sutāraito Enjin,なんちゃってスターライトエンジン
スターライトナイトStāraito Naito,スターライトナイト
スターループSutārūpu,スターループ
夜空の下のスターループYosora no Shita Stārūpu,夜空の下のスターループ
スターループ・VIPボックス席,スターループ・VIPボックス席
星彩Seisai[!][!]Assumed reading,星彩
Stars Align星が交わるときStars Align,星が交わるとき
スターズ・オブ・リラSutāzu Obu Rira,スターズ・オブ・リラ
スターズ・オブ・リラ+sutaazu・obu・rira,スターズ・オブ・リラ
スターシャイン・コンヴァートSutāshain Konvāto,スターシャイン・コンヴァート
まな板の鯉Manaita no Koi,まな板の鯉
鋼の肉球Hagane no Nikukyū,鋼の肉球
ステラーバレットSuterābaretto,ステラーバレット
ステビアSutebia,ステビア
鎮風の地Chinpū no Chi[!][!]Assumed reading,鎮風の地
六分街diary,六分街diary
ストリートスターSutorīto Sutā,ストリートスター
ツヨシTsuyoshi,ツヨシ
撃破Gekiha,撃破
"「アクション監督急募！」""Akushon Kantoku Kyōbo""",「アクション監督急募！」
"「ステュクス」""Styukusu""",「ステュクス」
適当観Tekitōkan,適当観
適当観外庭Tekitōkan Gaitē,適当観外庭
適当観中庭Tekiōkan Nakaniwa,適当観中庭
雲を眺める山のごとくKumo wo Nagameru Yama no Gotoku,雲を眺める山のごとく
オスモウボンプOsumōbonpu,オスモウボンプ
隼Jun[!][!]Assumed reading,隼
サン・フリントSan - Furinto,サン・フリント
ヒマワリHimawari,ヒマワリ
サンセットアンブレラSansettoanburera,サンセットアンブレラ
わたしのTOP3,わたしのTOP3
カリスマ・タイムKarisuma Taimu,カリスマ・タイム
支援Shien,支援
スージーSūjī,スージー
サン・フリントの怪しいパーツSan - Furinto no Ayashī Pātsu,サン・フリントの怪しいパーツ
スイートパニックSuītopanikku,スイートパニック
紅豆Fondō,紅豆
スイング・ジャズSuingu Jazu,スイング・ジャズ
芳しきタイムの誓いKaguwashiki Taimu no Chikai,芳しきタイムの誓い
シビルShibiru,シビル
狂信の塊Kyōshin no Katamari,狂信の塊
夢路の交響Yumeji no Kōkyō,夢路の交響
San-Zビーツ・「ドラムビート」,San-Zビーツ・「ドラムビート」
San-Zビーツ・ハミング,San-Zビーツ・ハミング
San-Zビーツ・ハーモニー,San-Zビーツ・ハーモニー
シュモクザメShumokuzame,シュモクザメ
特番放送Tokuban Hōsō,特番放送
無尾Mubi,無尾
盛夏の夢物語Sēka no Yumemonogatari,盛夏の夢物語
晴天の化け狸Sēten no Bake Tanuki,晴天の化け狸
タラスクミキサーTarasuku Mikisā,タラスクミキサー
タルシTarushi,タルシ
ボロボロになった手紙Boroboro ni natta Tegami,ボロボロになった手紙
ティータイムTītaimu,ティータイム
ティーミルク・タイムTīmiruku Taimu,ティーミルク・タイム
ワープポイントWāpupointo,ワープポイント
一時的な協力者Ichijiteki na Kyōryokusha,一時的な協力者
ツェペシュTsepeshu,ツェペシュ
鉄平Teppei[!][!]Assumed reading,鉄平
テラー・ラプトルTerā Raputoru,テラー・ラプトル
テッサ・デウィンターTessa De Uintā,テッサ・デウィンター
タナトスTanatosu,タナトス
アメージング・グレースAmējingu Gurēsu,アメージング・グレース
ザ・ビッグ・ホロウZa Biggu Horou,ザ・ビッグ・ホロウ
ブリムストーンBurimusutōn,ブリムストーン
行方プ明Yukue Pumē,行方プ明
無敗のチャンピオンMuhai no Chanpion,無敗のチャンピオン
願いがきらめく日Negai ga Kirameku Hi,願いがきらめく日
願いがきらめく日・決勝Negai ga Kirameku Hi - Kesshō,願いがきらめく日・決勝
願いがきらめく日・予選Negai ga Kiramekuhi - Yosen,願いがきらめく日・予選
願いがきらめく日・オーディションNegai ga Kirameku Hi - Ōdishion,願いがきらめく日・オーディション
願いがきらめく日・準々決勝Negai ga Kirameku Hi - Junjun Kesshou,願いがきらめく日・準々決勝
願いがきらめく日・準決勝Negai ga Kirameku Hi - Junkesshō,願いがきらめく日・準決勝
ホロウに墜ちる日Horō ni Ochiru Hi,ホロウに墜ちる日
"「背信者」""Haishinsha""",「背信者」
"「冒涜者」""Bōtokusha""",「冒涜者」
公開オーディションKōkai Ōdishon,公開オーディション
アイアン・ウィッチAian - Wicchi,アイアン・ウィッチ
ラストスタンドRasuto Sudanndo,ラストスタンド
孤独な声Kodoku na Koe,孤独な声
失踪した証人Shissoshita Shōnin,失踪した証人
謎の少女は見つめるNazo no Shōjo wa Mitsumeru,謎の少女は見つめる
断層の謎・分析解明Dansou no Nazo - Bunseki Kaimei,断層の謎・分析解明
"「投資家」""Tōshika""",「投資家」
"「もう一人のスパイ」""Mōhitori no Supai""",「もう一人のスパイ」
ポッター・ヒルPottā Hiru,ポッター・ヒル
アンダープロフェシーAndāpurofeshī,アンダープロフェシー
アンダープロフェシーAndā Ppurofeshī,アンダープロフェシー
"「出題者」のカード""Shutsudaisha"" no Kādo",「出題者」のカード
拘縛されし者Kōbakusareshi Mono,拘縛されし者
エリーガイドErīgaido,エリーガイド
シェルターSherutā,シェルター
7つ目の武器Nanatsume no Buki,7つ目の武器
"混乱収まらず、余波未だ続くKonran Osamarazu, Yoha Mada Tsuzuku",混乱収まらず、余波未だ続く
塔の逆位置Tō no Gyakuichi,塔の逆位置
サメ少女エレンの悩みSame Shōjo Eren no Nayami,サメ少女エレンの悩み
真・アンダープロフェシーShin - Andā Purofeshī,真・アンダープロフェシーShin - Andā Purofeshī
喝采なきチャンピオンKassai naki Chanpion,喝采なきチャンピオン
"「トライアンフ」""Toraianfu""",「トライアンフ」
ザ・ボールトZa Bōruto,ザ・ボールト
ベジタブルズBejitaburuzu,ベジタブルズ
お嬢様と新年の家庭事情Ojōsama to Shinnen no Katē Jijyō,お嬢様と新年の家庭事情
テレーゼTerēze,テレーゼ
"盗む者、守る者Nusumumono, Mamorumono",盗む者、守る者
レアプラチナReapurachina,レアプラチナ
千の音を奏でてSen no Oto wo Kaede te,千の音を奏でて
"千里、無双Senri, Musō",千里、無双
スリーゲートSurīgēto,スリーゲート
スロノス区Suronosu Ku,スロノス区
暴徒Bōto,暴徒
霹靂のヘヴィメタルHekireki no Hevimetaru,霹靂のヘヴィメタル
タイムフィールド家Taimufīrudo Ke,タイムフィールド家
嵐を生む虎の咆哮Arashi wo Umu Tora no Hōkō,嵐を生む虎の咆哮
臥虎の鐘Gako no Kane,臥虎の鐘
ツーリングタイムTsūringutaimu,ツーリングタイム
刻流の賢者kokuryū no Kenja,刻流の賢者
タイミングマンTaiminguman,タイミングマン
ティンTin,ティン
ティンズコーヒーTinzukōhī,ティンズコーヒー
ティンズ・スペシャルTinzu Supesharu,ティンズ・スペシャル
今日のコーデKyō no Kōde,今日のコーデ
トミアTomia,トミア
牙の形のペンダントKiba no Katachi no Pendanto,牙の形のペンダント
No.1プロキシ,No.1プロキシ
ツール・ド・インフェルノTsūru Do Inferuno,ツール・ド・インフェルノ
マットウMattou,マットウ
サイレントムーンSairentomūn,サイレントムーン
トラビスTorabisu,トラビス
ザ・カールズZa Kāruzu,ザ・カールズ
雷鳴が如き八卦Raimei ga Gotoki Hakke,雷鳴が如き八卦
小細工と小賢しさKosaiku to Kosakashisa,小細工と小賢しさ
"「トリガー」""Torigā""",「トリガー」
キンレンカKinrenka,キンレンカ
ベリーエレガントBerīereganto,ベリーエレガント
信頼イベントShinrai Ibento,信頼イベント
アトーAtō,アトー
チューリップChūrippu,チューリップ
タリーTarī,タリー
"「タプちゃん」""Tapu-chan""",「タプちゃん」
調律チューナーChōritsu Chūnā,調律チューナー
猛進するキバMōshinsuru Kiba,猛進するキバ
ハツHatsu,ハツ
ツイッギーTsuiggī,ツイッギー
TwitchドロップTwitch Doroppu,Twitchドロップ
タイソンTaison,タイソン
タイコTaiko,タイコ
ティルヴィングTiruvingu,ティルヴィング
ティルヴィング（寄主形態）Tiruvingu (Kishu Kētai),ティルヴィング（寄主形態）
タイロンTairon,タイロン
泰三Taizō[!][!]Assumed reading,泰三
浮波柚葉Ukinami Yuzuha,浮波柚葉Ukinami Yuzuha
終結スキル：W式クラウン・インフェルノ,終結スキル：W式クラウン・インフェルノ
「不気味の谷I」,「不気味の谷I」
「不気味の谷II」,「不気味の谷II」
「不気味の谷III」,「不気味の谷III」
楷のおじさんKai no Ojisan,楷のおじさん
ネズミ色のブルースNezumiiro no Brūsu,ネズミ色のブルース
意外な滞在者Igai na Taizaisha,意外な滞在者
ゲームボールGēmu Bōru,ゲームボール
未確認複合侵蝕体Mikakunin Fukugō Shinshokutai,未確認複合侵蝕体
不幸な贈り物Fukō na Okurimono,不幸な贈り物
仮のガイドKari no Gaido,仮のガイド
青氷が如き清白Ao Kori ga Gotoki Seihaku,青氷が如き清白
あなたさまがすべて忘れ去るまでAnatasama ga Subete Wasurekiru made,あなたさまがすべて忘れ去るまで
廃棄バッテリーHaiki Batterī,廃棄バッテリー
VIP貯金箱,VIP貯金箱
VIP緊急ボタン,VIP緊急ボタン
VIP待遇,VIP待遇
流れ者の居場所Nagaremono no Ibasho,流れ者の居場所
"「明けの明星」""Ake no Myōjō""",「明けの明星」
ヴェロニカVeronika,ヴェロニカ
元気な店長さんGenki na Denchō san,元気な店長さん
"「悪犬」が道を塞ぐ""Akuken"" ga Michi wo Fusagu",「悪犬」が道を塞ぐ
ビクターBikutā,ビクター
ヴィクトリア家政Vikutoria Kasei,ヴィクトリア家政
ヴィクトリア家政チケットVikutoria Kasei Chiketto,ヴィクトリア家政チケット
映像アーカイブĒzou Ākaibu,映像アーカイブ
出張ビデオ屋Chucchō Bideoya,出張ビデオ屋
スミレSumire,スミレ
バーチャル・バウンダリーBācharu Baundarī,バーチャル・バウンダリー
虚ろに潜む報復劇Utsuro ni Hisomu Hofuku-geki,虚ろに潜む報復劇
ヴィジョン・コーポレーションBijon Kōporēshon,ヴィジョン・コーポレーション
ビビアン・バンシーBibian Banshī,ビビアン・バンシー
ビビアンの名刺Bibian no Mēshi,ビビアンの名刺
ビビBibi,ビビ
虚狩りUtsurogari,虚狩り
音動機用蓄電池Ondōki yō Chikudenchi,音動機用蓄電池
ウェイドWeido,ウェイド
衛非地区Ehi Chiku,衛非地区
スイレンSuiren,スイレン
ウェーランド・マーフィーWērando Māfī,ウェーランド・マーフィー
啜り泣くゆりかごSusuri Naku Yurikago,啜り泣くゆりかご
変な探偵Henna Tantei,変な探偵
変なゴミ拾いHenna Gomi Hiroi,変なゴミ拾い
変な学生Henna Gakusei,変な学生
ウェストWesuto,ウェスト
ジンベエザメJinbeezame,ジンベエザメ
"「サンドイッチがやってくる」""Sandoicchi ga Yattekuru""",「サンドイッチがやってくる」
グルメストームGurumesutōmu,グルメストーム
ホワイトスター学会Howaito Stā Gakkai,ホワイトスター学会
ホイットニーHoittonī,ホイットニー
Wifi无处不在,Wifi无处不在
ウィリアムUiriamu,ウィリアムUiriamu
ウィリスWirisu,ウィリスWirisu
ウィンド・オブ・ザ・ワイルドWindo Obu Za Wairudo,ウィンド・オブ・ザ・ワイルド
風追いの羽Kaze'oi no Hane,風追いの羽
アキラAkira,アキラAkira
大いなる力には…Ooinaru Chikaraniwa...,大いなる力には…
凋落花園Chōraku Hanazono,凋落花園
見届けし者・勇者の踵Mitodokeshi Mono - Yūsha no Kakato,見届けし者・勇者の踵
見届けし者・一万層の頂上Metodokeshi Mono - Ichiman Sō no Chōjō,見届けし者・一万層の頂上
楽園夢遊記Rakuen Muyū-ki,楽園夢遊記
楽園夢遊戯Rakuen Muyū Gi,楽園夢遊戯
ウッディーUddī,ウッディー
ウッドペッカー・エレクトロUddopekka Erekutoro,ウッドペッカー・エレクトロ
アルボルAruboru,アルボル
ヨルムンガンドYorumungando,ヨルムンガンド
業火の両端Gōka no Ryōtan,業火の両端
ヤンYan,ヤン
乙Otsu[!][!]Assumed reading,乙
儀玄Īshen,儀玄Īshen
儀降Īshan,儀降Īshan
あなたのかたちAnata no Katachi,あなたのかたち
シャンShan,シャン
飲茶仙Yamchasen,飲茶仙
飲茶仙の宴会場Yamuchasen no Enkaijō,飲茶仙の宴会場
ユナYuna,ユナ
雲嶽山Ungaku San,雲嶽山
雲嶽は我に似たりUngaku wa Ware ni Itari,雲嶽は我に似たり
雲嶽を訪ねし者Ungaku wo Tazuneshi Mono,雲嶽を訪ねし者
零号スコアRēgō Sukoā,零号スコア
ザンドラZandora,ザンドラ
ゼーンZēn,ゼーンZēn
残心の青籠Zanshin no Sērō,残心の青籠
ゼンレス限界Zenresu Genkai,ゼンレス限界
ゼンレスゾーンゼロZenresu Zōn Zero,ゼンレスゾーンゼロ
零号暗号化キーRēgō Angōka Kī,零号暗号化キー
ゼロイン調整Zeroin Chōsē,ゼロイン調整
レモン潮流Remon Chōryū,レモン潮流
ホッピングライムHoppinguraimu,ホッピングライム
照Zao,照
正林Sērin[!][!]Assumed reading,正林
朱鳶の名刺Shu En no Mēshi,朱鳶の名刺
子虚Shi Kyō,子虚
ゾラZora,ゾラ
[会心]RPGロケット弾,[会心]RPGロケット弾
CDショップ「吟遊ニードル」,CDショップ「吟遊ニードル」
HIAセンター,HIAセンター
終結スキル：殲滅モードMAX,終結スキル：殲滅モードMAX
【豆知識】プロキシの一般教養&mdash;&mdash;「キャロット」編,【豆知識】プロキシの一般教養&mdash;&mdash;「キャロット」編
H.A.N.D.本部,H.A.N.D.本部
チョップJr.,チョップJr.
極限依頼：PVサウンドトラック集,極限依頼：PVサウンドトラック集
Stars Align 星が交わるとき,Stars Align 星が交わるとき
メッセージボトルNO.1,メッセージボトルNO.1
メッセージボトルNO.2,メッセージボトルNO.2
メッセージボトルNO.3,メッセージボトルNO.3
沙羅GWどこ行く？丨 旅行先をおすすめし合うスレ,沙羅GWどこ行く？丨 旅行先をおすすめし合うスレ
少女A,少女A
Twitchドロップ,Twitchドロップ
ミスター Z,ミスター Z
ついに、エンディングなの{{MC,ついに、エンディングなの
最大HP,最大HP
失ったHP,失ったHP
泅瓏 GHOST,泅瓏 GHOST
残りHP,残りHP
HP消費,HP消費
縛裂式・I型,縛裂式・I型
HP上限,HP上限
開幕最大HP,開幕最大HP
HP回復効果,HP回復効果
HP持続回復効果,HP持続回復効果
HPを失う,HPを失う
即時HP回復,即時HP回復
L式グラウリング・フィスト,L式グラウリング・フィスト
V式サンライズ・アッパー,V式サンライズ・アッパー
V式サンライズ・アッパー-フルストローク,V式サンライズ・アッパー-フルストローク
V式スコーチド・サン,V式スコーチド・サン
W式クラウン・インフェルノ,W式クラウン・インフェルノ
Baseレベル,Baseレベル
殲滅モードMAX,殲滅モードMAX
"「アケロン」""Akeron""",「アケロン」
アチーブメントAchībumento,アチーブメント
嘆きの川を渡りてNageki no Kawa wo Watarite,嘆きの川を渡りて
アクティブスキルAkutibusukiru,アクティブスキル
タツTatsu,タツ
コアスキルKoa Skiru,コアスキル
ドライアイスリンクDoraiaisurinku,ドライアイスリンク
臨時治安犬_JP0A,臨時治安犬_JP0A
追加能力：痛いところ_JP0A,追加能力：痛いところ_JP0A
アドレナリンAdorenarin,アドレナリン
アドレナリン獲得効率Adorenarin Kakutoku Kōritsu,アドレナリン獲得効率
先遣賞金-定期掃討Senken Shōkin - Teiki Sōtō,先遣賞金-定期掃討
縺繝ｼを救えRenkanshi wo Sukue,縺繝ｼを救え
特殊スキル：空掠める_JP0A,特殊スキル：空掠める_JP0A
アゲートAgēto,アゲート
エージェントĒjento,エージェント
クローズアップKurōzuappu,クローズアップ
クローズアップ・アリスKurōzuappu Arisu,クローズアップ・アリス
クローズアップ・アンビーKurōzuappu Anbī,クローズアップ・アンビー
クローズアップ・アンドーKurōzuappu Andō,クローズアップ・アンドー
クローズアップ・アストラKurōzuappu Asutora,クローズアップ・アストラ
クローズアップ・ベンKurōzuappu Ben,クローズアップ・ベン
クローズアップ・ビリーKurōzuappu Birī,クローズアップ・ビリー
クローズアップ・バーニスKurōzuappu Bānisu,クローズアップ・バーニス
クローズアップ・シーザーKurōzuappu Shīzā,クローズアップ・シーザー
クローズアップ・カリンKurōzuappu Karin,クローズアップ・カリン
クローズアップ・ダイアリンKurōzuappu Daiarin,クローズアップ・ダイアリン
クローズアップ・エレンKurōzuappu Eren,クローズアップ・エレン
クローズアップ・イヴリンKurōzuappu Ivurin,クローズアップ・イヴリン
クローズアップ・グレースKurōzuappu Gurēsu,クローズアップ・グレース
クローズアップ・ヒューゴKurōzuappu Hyūgo,クローズアップ・ヒューゴ
クローズアップ・ジェーンKurōzuappu Jēn,クローズアップ・ジェーン
クローズアップ・クレタKurōzuappu Kureta,クローズアップ・クレタ
クローズアップ・ライトKurōzuappu Raito,クローズアップ・ライト
クローズアップ・リュシアKurōzuappu Ryushia,クローズアップ・リュシア
クローズアップ・ルーシーKurōzuappu Rūshī,クローズアップ・ルーシー
クローズアップ・ライカンKurōzuappu Raikan,クローズアップ・ライカン
クローズアップ・ニコKurōzuappu Niko,クローズアップ・ニコ
クローズアップ・パイパーKurōzuappu Paipā,クローズアップ・パイパー
クローズアップ・プルクラKurōzuappu Purukura,クローズアップ・プルクラ
クローズアップ・リナKurōzuappu Rina,クローズアップ・リナ
クローズアップ・セスKurōzuappu Sesu,クローズアップ・セス
クローズアップ・ビビアンKurōzuappu Bibian,クローズアップ・ビビアン
クローズアップ・イドリーKurōzuappu Idorī,クローズアップ・イドリー
ガリバー隊員Gariba Tai'in,ガリバー隊員
コスチュームKosuchūmu,コスチューム
エージェント秘話Ējento Hiwa,エージェント秘話
エージェント秘話Ējento hiwa,エージェント秘話
(‍仕方ないな仕方ないなText for Wise/しょうがないなぁしょうがないなぁText for Belle‍),仕方ないな仕方ないな
アハブAhabu,アハブ
アンプAnpu,アンプ
アフリマンAfuriman,アフリマン
アイタナAitana,アイタナ
アレクサンドリナ・セバスチャンArekusandorina Sebasuchan,アレクサンドリナ・セバスチャン
アレクシスArekushisu,アレクシス
アリス・タイムフィールドArisu Taimufīrudo,アリス・タイムフィールド
"もう、届かないMō, Todokanai",もう、届かない
ドリアンDorian,ドリアン
渦巻く疑雲Uzumaku Gi'un,渦巻く疑雲
ロア先生Roa Sensē,ロア先生
ドリームレス・ヒーローDorīmuresu Hīrō,ドリームレス・ヒーロー
ドルDoru,ドル
メッセージボトルMessēji Botoru,メッセージボトル
メッセージボトルNO.1Messēji Botoru No.1,メッセージボトルNO.1
メッセージボトルNO.2Messēji Botoru No.2,メッセージボトルNO.2
メッセージボトルNO.3Messēji Botoru No.3,メッセージボトルNO.3
ドリフトテクニックDorifutotekunikku,ドリフトテクニック
ドリルリグ-レッドシャフトDoriru Rigu - Reddo Shafuto,ドリルリグ-レッドシャフト
夕焼けへGO！,夕焼けへGO！
夢縋りYume Sugari,夢縋り
アリーナメダルArīnamedaru,アリーナメダル
デュラハンDyurahan,デュラハン
ダスク・イン・ザ・ワイルドDasuku In Za Wairudo,ダスク・イン・ザ・ワイルド
無限ループMugen Rūpu,無限ループ
ディランDiran,ディラン
強化特殊スキル：V式サンライズ・アッパー-フルストローク,強化特殊スキル：V式サンライズ・アッパー-フルストローク
エコールームEkōrūmu,エコールーム
シルバーの復活Shirubā no Fukkatsu,シルバーの復活
エドガーEdogā,エドガー
エドモンドEdomondo,エドモンド
エーゲĒge,エーゲ
エリナーErinā,エリナー
電気属性Denki Zokusē,電気属性
露電幻夢ⅠRoden Genmu I,露電幻夢Ⅰ
電撃リップグロスDengeki Rippugurosu,電撃リップグロス
ビリビリボンプBiribiribonpu,ビリビリボンプ
優美のヴァニティYūbi no Vaniti,優美のヴァニティ
エレベーターErebētā,エレベーター
エイファEifa,エイファ
エリアナEriana,エリアナ
抹殺リストMassatsu Risuto,抹殺リスト
エリスErisu,エリス
"「精鋭」アシスタントボンプ""Seiei"" Ashisutanto Bonpu",「精鋭」アシスタントボンプ
