en,ja
Warm-Up Exercises,ウォーミングアップ
State of Flow,気焔万丈
Rotational Training,ローテーション訓練
Everyone Get Fired Up!,みんなで共に燃えようか！
Jack of All Trades,フルスタック・エキスパート
Break the Limit,極限突破
Basic Attack: Enthusiastic Drills,通常攻撃：熱血準備体操
Basic Attack: Enthusiastic Drills (Burst Mode),通常攻撃：熱血準備体操（爆発状態）
Dodge: Let's Move,回避：体を動かせ！
Dash Attack: Fire With Fire,ダッシュ攻撃：正面衝突
Dodge Counter: Retaliation,回避反撃：拳骨応酬
Dodge Counter: Overload Drill (Burst Mode),回避反撃：オーバーロード・ドリルブレイク（爆発状態）
Quick Assist: Shoulder-To-Shoulder,クイック支援：肩を並べて
Quick Assist: Protective Drill (Burst Mode),クイック支援：サポート・ドリルブレイク（爆発状態）
Defensive Assist: Iron Wrist,パリィ支援：鉄腕
Assist Follow-Up: Limit Burst,支援突撃：極限突進
"Special Attack: Spin, Bro!",特殊スキル：回れ、兄弟！
Special Attack: Explosive Drill (Burst Mode),強化特殊スキル：兄弟、天を衝け！
"EX Special Attack: Smash the Horizon, Bro!",特殊スキル：バースト・ドリルブレイク（爆発状態）
Chain Attack: Go Go Go!,連携スキル：回れ回れ！
Ultimate: Go Go Go Go Go!,終結スキル：回れ！回れ！！回れ！！！
Core Passive: Brothers in Arms!,コアパッシブ：兄弟と一つに！
Additional Ability: Teamwork,追加能力：一致協力
The Past Lost Beneath the Abyss,深き淵に沈む過去
"Who Lingers Here, Lost in Thought?",思いを馳せるのは誰
A Story Without an Audience,聴衆なき物語
Blooming in Silence,静寂の中で咲き誇る
This Solace Is Real,偽りなき慰め
"At Last, a Peaceful Dream",ついには安らかな夢に
Basic Attack: Crushing Strike,通常攻撃：迷いを砕く重撃
Basic Attack: Frostbite Embrace,通常攻撃：霜寒の抱擁
Frost's Crushing Weight,霜結の束縛
Dodge: Dreamshift,回避：夢遊歩
Dash Attack: Frostbloom Impact,ダッシュ攻撃：霜花疾駆
Dodge Counter: Icehaul Reverb,回避反撃：氷の残響
Quick Assist: Frostshock Reinforcement,クイック支援：降霜の援護
Defensive Assist: Flashquake Rejection,パリィ支援：閃震の守り
Assist Follow-Up: Glacial Onslaught,支援突撃：氷襲の痛撃
Special Attack: Cease Thoughts,特殊スキル：断想
EX Special Attack: Frost Coil,強化特殊スキル：氷霜
"Special Attack: Surging Cold, Crushing Pursuit",特殊スキル：寒風・追砕
EX Special Attack: Glacial Crush,強化特殊スキル：極寒・重砕
Chain Attack: Frostbound Oath,連携スキル：寒霜の誓約
Ether Veil: Wellspring,エーテルベール・湧泉
Ultimate: Final Act - Crossing the River of Regret,終結スキル：終幕・儚き夢を渡って
Core Passive: Dreamscape Collection,コアパッシブ：夢掬いの空想
Additional Ability: Narrative Completion,追加能力：完全なる物語
Bird Hunter,鳥絶技巧
Cat & Mouse,ねことねずみ
Curious Left Tail,好奇心は左のしっぽ
Sharpen Claws,爪研ぎ
Lucky Right Tail,幸運は右のしっぽ
Predator Lineage,捕食者の血
Basic Attack: Kitty Slash,通常攻撃：猫の引っ掻き
Basic Attack: Crimson Blade,通常攻撃：赤き刃
Dodge: Can't Touch Me-ow~,回避：当たんないにゃ～
Dash Attack: Over Here!,ダッシュ攻撃：どこを見てるの？
Dodge Counter: Phantom Claws,回避反撃：ファントムクロー
Quick Assist: Cat's Paw,クイック支援：猫の手貸すぞ☆
Defensive Assist: Desperate Defense,パリィ支援：抗ストレス反応
Assist Follow-Up: Shadow Strike,支援突撃：迅影
Special Attack: Surprise Attack,特殊スキル：奇襲
EX Special Attack: Super Surprise Attack!,強化特殊スキル：めちゃコワ奇襲！
Chain Attack: Claw Swipe,連携スキル：クロースワイプ
Ultimate: Claw Smash,終結スキル：クロースマッシュ
Core Passive: Stealthy Paws,コアパッシブ：猫の忍び足
Additional Ability: Catwalk,追加能力：キャットウォーク・ショー
12-Tone Equal Temperament,十二平均律
Art of Greed,欲張りの芸術
Interwoven Staff Notation,交錯する五線譜
Hair Upon Your Nape,『貴方の首筋』
Proxy and Silk String,プロキシとワイヤー
We Are the World,私たちが世界
"Basic Attack: ""Capriccio""",通常攻撃：カプリチオ
Basic Attack: Interlude,通常攻撃：インタールード
Basic Attack: Chorus,通常攻撃：コーラス
Basic Attack: Finale,通常攻撃：フィナーレ
"Dodge: ""Mini Waltz""",回避：マイナーワルツ
"Dash Attack: ""Lunar Eclipse Melody""",ダッシュ攻撃：月蝕みのシンフォニー
"Dodge Counter: ""Umbrella Waltz""",回避反撃：アンブレラ・ワルツ
"Quick Assist: ""One Luminous Sky""",クイック支援：一面の花火
"Evasive Assist: ""Two Hearts""",回避支援：二人は寄り添い
"Assist Follow-Up: ""Three Lifetimes of Fate""",支援突撃：三世に渡り巡り合う
"Special Attack: ""Windchimes & Oaths""",特殊スキル：風鈴といつかの約束
Idyllic Cadenza,アイドリック・カデンツァ
Chord,コード
"Chain Attack: ""Tipsy Concerto""",連携スキル：ほろ酔いコンツェルト
"Ultimate: ""Fantasian Sonata""",終結スキル：幻想のソナタ
"Core Passive: ""Graceful Andante""",コアパッシブ：アンダンテ・カンタービレ
"Additional Ability: ""Moonlit Frenzy""",追加能力：ムーンリット・フレンジー
"""High Spirit""",「意気揚々」
Languish,持ち腐れ
White Lies,真っ白な嘘
Occasionally Motivated,稀に見るやる気
No One Knows,誰も知らない
Tacit Understanding,会心
Basic Attack: Cloud Piercer,通常攻撃：浮雲貫き
Basic Attack: Cloud Piercer - Drift,通常攻撃：浮雲貫き・射形変え
Basic Attack: Falling Feather,通常攻撃：羽落とし
Basic Attack: Ha-Oto no Ya,通常攻撃：甲乙の矢
Dodge: Quick Flash,回避：瞬閃
Dash Attack: Hiten no Tsuru,ダッシュ攻撃：飛天の弦
Dodge Counter: Hidden Edge,回避反撃：隠し剣
Dash Attack: Hiten no Tsuru - Slash,ダッシュ攻撃：飛天の弦・斬
Quick Assist: Braced Bow,クイック支援：弦通し
Defensive Assist: Yugamae,パリィ支援：弓構
Assist Follow-Up: Yugamae - Slash,支援突撃：弓構・斬
Special Attack: Nowhere to Hide,特殊スキル：天羅
EX Special Attack: Nowhere to Run,強化特殊スキル：地網
Chain Attack: Kai - Hanare,連携スキル：会・離れ
Ultimate: Zanshin,終結スキル：残心
Core Passive: Day Break,コアパッシブ：払暁
Additional Ability: Overclock,追加能力：定格超越
Drifter's Rules of Survival,浮浪生存戦略
"Day & Night, Kitchen & Love",昼夜、キッチンと愛
Enter the Realm of Urban Legends,怪談世界へいらっしゃい
Childhood Oath,幼き日の誓い
Lone Shadow Returns to the Pack,影は群れへと帰る
Beyond Dreams of the Past,乗り越えた夢
Basic Attack: Blazing Wind Slash,通常攻撃：焔風斬り
Bassic Attack: Blazing Wind - Misty Slash,通常攻撃：焔風・朧斬り
Dodge: Radiant Blade,回避：耀刃
Dash Attack: Radiant Blade - Zanshin,ダッシュ攻撃：耀刃・残心
Dodge Counter: Radiant Blade - Battle Sweep,回避反撃：耀刃・撹乱
Quick Assist: Lone Shadow - Regroup,クイック支援：孤影・帰陣
Defensive Assist: Lone Shadow - Mountain Stand,パリィ支援：孤影・不動
Assist Follow-Up: Lone Shadow - Breaking Fang,支援突撃：孤影・断牙
Special Attack: Return to Ashes,特殊スキル：帰燼
Special Attack: Return to Ashes - Sacrifice,特殊スキル・帰燼・捨身
EX Special Attack: Return to Ashes - Fall,強化特殊スキル：帰燼・天墜
Chain Attack: Blazing Eruption,連携スキル：熾烈な爆炎
Ultimate: Musou Aratama,終結スキル：無想荒魂
Core Passive: Mighty Molten Edge Skill,コアパッシブ：焔刃の勢
Additional Ability: Rekindled Heart,追加能力：蘇る心
Insulation Breakdown,誘電破壊
"Minimal Effort, Maximum Impact",四両で千斤をはじく
Drink Hot Water,白湯は万病に効く
Stable Arc Barrier,定常電弧の障壁
Youthful Spirit,童心不滅
Eight Meridians,奇経八脈
Basic Attack: Penultimate,通常攻撃：一刹
Basic Attack: Penultimate - Enhanced,通常攻撃：酔花雲
Basic Attack: Enchanted Blossoms,閃絡
Basic Attack: Enchanted Moonlit Blossoms,通常攻撃：酔花月雲転
Dodge: Swan Song,回避：雁の聲
Dash Attack: Breach,ダッシュ攻撃：入破
Dodge Counter: Lingering Sentiments,回避反撃：意、不尽
Quick Assist: Wind Through the Pines,クイック支援：風入松
Defensive Assist: Graceful Embellishment,パリィ支援：錦上の花
Assist Follow-Up: Song of the Clear River,支援突撃：清江引
Special Attack: Sunlit Glory,特殊スキル：昼錦堂
EX Special Attack: Moonlit Begonia,強化特殊スキル：月上海棠
Chain Attack: Tranquil Serenade,連携スキル：太平令
Ultimate: Eight Sounds of Ganzhou,終結スキル：八声甘州
Core Passive: Eternal Seasons,コアパッシブ：千秋万歳
Additional Ability: Three Verses of Farewell at Yang Pass,追加能力：陽関三畳
Luxurious Cat House,豪奢猫屋敷
Weird Food List,変な食品リスト
Tactics Manual,『戦術マニュアル』
Pink Holster,ピンクのホルスター
Ferry Toll,冥府の記念コイン
Magic Seed,魔法の種
Basic Attack: High-Pressure Flamethrower,通常攻撃：高圧火炎
Dodge: Flickering Flames,回避：揺らめく炎光
Dash Attack: Rush Command,ダッシュ攻撃：突撃命令
Dodge Counter: Counter Strike Opportunity,回避反撃：反撃のチャンス
Quick Assist: Searing Slash,クイック支援：焦痕斬り
Defensive Assist: Blazing Gunblade,パリィ支援：焔刃と烈銃
Assist Follow-Up: Boiling Pierce,支援突撃：煮えたぎる刺突
Special Attack: Blazing Chamber,特殊スキル：熱血全開
Special Attack: Corrosive Flash,特殊スキル：蝕光一閃
EX Special Attack: Watch Your Step,強化特殊スキル：足元注意
EX Special Attack: Crimson Vortex,強化特殊スキル：灼紅の渦
EX Special Attack: Heat Charge,強化特殊スキル：蓄熱チャージ
EX Special Attack: Fiery Eruption,強化特殊スキル：烈炎噴射
Chain Attack: Overheated Barrel,連携スキル：過熱銃身
Ultimate: Dance with Fire,終結スキル：灼炎と舞う
Core Passive: Taming Wind and Fire,コアパッシブ：風と炎を御して
Additional Ability: Forged in Flames,追加能力：溶炉鍛心
Dreamweave,織りなす夢
Dance of Fire,飛んで火に舞う
Metamorphosis,繭を破る
Fate's Melody,運命の音
Crimson Threads Like the Dawn,朝焼け色の糸
Bond of Light and Shadow,光と影の繋がり
Basic Attack: Razor Wire,通常攻撃：シャープ・ストリング
Passive: Bind,パッシブ：拘束
Basic Attack: Garrote - First Form,通常攻撃：絞式・I型
Basic Attack: Garrote - Second Form,通常攻撃：絞式・II型
Dodge: Arc Step,回避：フォックストロット
Dash Attack: Piercing Ambush,ダッシュ攻撃：スリップ・アンブッシュ
Dodge Counter: Strangling Reversal,回避反撃：反攻の絞扼
Quick Assist: Fierce Blade,クイック支援：フィアース・ブレード
Defensive Assist: Silent Protection,パリィ支援：静かなる援護
Assist Follow-Up: Course Disruption,支援突撃：軌道干渉
Special Attack: Locked Position,特殊スキル：ロック・ポジション
Special Attack: Binding Sunder - First Form,特殊スキル：縛裂式・I型
EX Special Attack: Binding Sunder - Final Form,強化特殊スキル：縛裂式・終型
Chain Attack: Lunalux - Snare,連携スキル：輝夜の糸・絆
Ultimate: Lunalux Garrote - Timbre,終結スキル：輝夜の糸・弦音
Ultimate: Lunalux Garrote - Shadow,終結スキル：輝夜の糸・弦影
Core Passive: Entangle,コアパッシブ：絡まる糸
Additional Ability: Ambush Point,追加能力：急襲支点
Leisure Moment,のんびりとしたひと時
Motivation,向上心
Truck Expert,トラックのプロ
Refined Techniques,熟練のドラテク
Personal Hobbies,個人的な趣味
Mild Excitement,軽い興奮
Basic Attack: Load Up and Roll Out,通常攻撃：発車するぜい
Dodge: Handbrake Drift,回避：ハンドブレーキ・ドリフト
Dash Attack: Pedal to the Metal,ダッシュ攻撃：アクセルひと踏み
Dodge Counter: Power Drift,回避反撃：パワー・ドリフト
Quick Assist: Brake Tap,クイック支援：ポンピングブレーキ
Defensive Assist: Emergency Brake,パリィ支援：極限ブレーキ
Assist Follow-Up: Overtaking Maneuver,支援突撃：コーナーで差をつけるぜい
Special Attack: Tire Spin,特殊スキル：タイヤくるくる
Special Attack: One Trillion Tons,特殊スキル：億劫な重さ
EX Special Attack: Engine Spin,強化特殊スキル：エンジンぶんぶん
EX Special Attack: Really Heavy,強化特殊スキル：兆、重たい
Chain Attack: Buckle Up,連携スキル：シートベルト！
Ultimate: Hold~ On~ Tight~,終結スキル：しっかり掴まってろ～！
Core Passive: Power Charge,コアパッシブ：パワーチャージ
Additional Ability: Synced Acceleration,追加能力：一緒に飛ばそうぜい
Kindred Flames,一心同火
Extra at No Additional Charge,お値段そのまま増量フェア
Optimistic by Nature,根っからのポジティブ
Ultimate Fuel Supply,燃料マシマシ
Dance of Fire and Ice,炎と氷の舞
Burning Invitation,火遊びのお誘い
Basic Attack: Direct Flame Blend,通常攻撃：フレイム・ビルド
Basic Attack: Mixed Flame Blend,通常攻撃：フレイム・ブレンド
Dodge: Fiery Phantom Dash,回避：バーニング・シャドウ
Dash Attack: Dangerous Fermentation,ダッシュ攻撃：アブない醸造
Dodge Counter: Fluttering Steps,回避反撃：フラッシュ・シェイキング
Quick Assist: Energizing Specialty Drink,クイック支援：シャキッと爽快
Defensive Assist: Smoky Cauldron,パリィ支援：オイリー・スモーク
Assist Follow-Up: Scorching Dew,支援突撃：ファイアリー・ブリュー
Special Attack: Intense Heat Aging Method,特殊スキル：ヒートエイジング・メソッド
EX Special Attack: Intense Heat Stirring Method,強化特殊スキル：ヒートシェイキング・メソッド
EX Special Attack: Intense Heat Stirring Method - Double Shot,強化特殊スキル：ヒートシェイキング・メソッド・ダブル
Chain Attack: Fuel-Fed Flame,連携スキル：フューエル・フレイム
Ultimate: Glorious Inferno,終結スキル：炎のどんちゃん騒ぎ
Core Passive: Nitro-Fuel Cocktail,コアパッシブ：スペシャルフューエル
Additional Ability: Fire Kindling,追加能力：燃え広がる小火
"Know Thy Self, Know Thy Enemy",敵を知り、己を知る
Outstanding Adaptability,卓越した適性
Tsukishiro Style Management,月城さんのマネジメント術
Chessmaster,盤上の支配者
Other Mother,鬼「ママ」
Inhuman Blood,人ならざる血
Basic Attack: Tsukuyomi Kagura,通常攻撃：月夜見神楽
Dodge: Wandering Breeze,回避：ながれ嵐
Dash Attack: Fleeting Flight,ダッシュ攻撃：掠め飛ぶ
Dodge Counter: Rapid Retaliation,回避反撃：速返し
Quick Assist: Blade of Elegance,クイック支援：風花斬り
Defensive Assist: Radiant Reversal,パリィ支援：流光の逆飛び
Assist Follow-Up: Weeping Willow Stab,支援突撃：飛絮の刺し
Special Attack: Ruten,特殊スキル：流転
EX Special Attack: Gekka Ruten,強化特殊スキル：月華流転
Chain Attack: Celestial Harmony,連携スキル：月は星とともに
Ultimate: Raiei Tenge,終結スキル：雷影天華
Core Passive: Lunar Eclipse,コアパッシブ：月蝕
Additional Ability: Gessou,追加能力：月相
Reacting Force,反作用力
Offense Through Defense,守を以て攻と為す
Careful Accounting,緻密な予算計画
Agile Adaptation,臨機応変
Meticulous Detail,余すところなく
Wild Spirit,野性の闘志
Basic Attack: Debt Reconciliation,通常攻撃：帳尻合わせ
Dodge: Missing Invoice,回避：伝票の穴
Dash Attack: Incoming Expense,ダッシュ攻撃：経費で落とす
Dodge Counter: Accounts Settled,回避反撃：清算
Quick Assist: Joint Account,クイック支援：共同取り立て
Defensive Assist: Risk Allocation,パリィ支援：リスク分散
Assist Follow-Up: Don't Break Contract,支援突撃：債務不履行罰則
Special Attack: Fiscal Fist,特殊スキル：債「拳」格付
EX Special Attack: Cashflow Counter,強化特殊スキル：債「拳」弁砕
Chain Attack: Signed and Sealed,連携スキル：押印、決裁
Ultimate: Complete Payback,終結スキル：債「拳」、利息付き弁砕
Core Passive: Guardian,コアパッシブ：守護
Additional Ability: Contractual Agreement,追加能力：契約合意
Uplifting Current,奮起の合流
Experimental Charging Module,試験型チャージモジュール
Attendance Meal Allowance,出動手当：食事補助
Hypothermia,低体温症
Late-Night Snacks,福利厚生：夜食
Northern Wind,北風の襲撃
Basic Attack: Making Rice Cakes,通常攻撃：餅つき
Basic Attack: Making Rice Cakes (Frosted Banner),通常攻撃：餅つき（霜染の刃旗）
Dodge: Grab a Bite,回避：拾い食い
Dash Attack: 50/50,ダッシュ攻撃：半分こね！
Dash Attack: 50/50 (Frosted Banner),ダッシュ攻撃：半分こね！（霜染の刃旗）
Dodge Counter: Away From My Snacks,回避反撃：おやつはあげないっ！
Quick Assist: A Set for Two,クイック支援：2人前
Defensive Assist: Guarding Tactics,パリィ支援：ディフェンス戦術
Assist Follow-Up: Sweeping Strike,支援突撃：巻き込み打撃
Special Attack: Cooling Bento,特殊スキル：おべんとフーフー
EX Special Attack: Fanning Mosquitoes,強化特殊スキル：ハエたたき
Special Attack: Rally!,特殊スキル：しゅーごー！
Chain Attack: Pudding Slash,連携スキル：カツ・モツ・斬！
Ultimate: Jumbo Pudding Slash,終結スキル：カツ・モツ・斬！大盛り！
Core Passive: Blade Banner,コアパッシブ：刃旗激励
Additional Ability: Group Set Meal,追加能力：ケータリングセット
Crime Counsel,犯罪のプロ
Adapt to the Environment,朱に交われば赤くなる
Anonymity,名無し
Adapt and Thrive,秤の傾くほう
Compulsive Hoarder,ためこみ癖
Shady Technique,「汚い」やり方
Basic Attack: Dancing Blades,通常攻撃：ダンシング・ナイフ
Passion,熱狂
Basic Attack: Salchow Jump,通常攻撃：サルコウ・ジャンプ
Dodge: Phantom,回避：残影
Dash Attack: Edge Jump,ダッシュ攻撃：エッジ・ジャンプ
Dash Attack: Phantom Thrust,ダッシュ攻撃：虚像のつらぬき
Dodge Counter: Swift Shadow,回避反撃：疾影
Dodge Counter: Swift Shadow Dance,回避反撃：疾影の舞
Quick Assist: Dark Thorn,クイック支援：黒茨
Quick Assist: Lutz Jump,クイック支援：ルッツ・ジャンプ
Defensive Assist: Last Defense,パリィ支援：最後の一線
Assist Follow-Up: Gale Sweep,支援突撃：薙ぎ払う疾風
Special Attack: Aerial Sweep,特殊スキル：空を掠める
EX Special Attack: Aerial Sweep - Clearout,強化特殊スキル：空を掠める・一掃
Chain Attack: Flowers of Sin,連携スキル：罪悪の華
Ultimate: Final Curtain,終結スキル：フィナーレ
Core Passive: Insight,コアパッシブ：洞察
Additional Ability: Sore Spot,追加能力：痛点
Open Trauma,開放性損傷
Atomic Smash,裂傷反応
Amateur Maid,見習いメイド
Battlefield Retainer,戦場ではお傍に
Special Ops Maid,特殊勤務メイド
Accumulated Release,塵も積もれば
Basic Attack: Wipeout,通常攻撃：お掃除開始
Dodge: Shoo!,回避：『離』
Dash Attack: Oopsy-Daisy!,ダッシュ攻撃：『断』
Dodge Counter: Nope!,回避反撃：『捨』
Quick Assist: Emergency Measures,クイック支援：応急処置
Defensive Assist: P—Please Allow Me!,パリィ支援：わ、私がやります！
Assist Follow-Up: Quick Sweep,支援突撃：テキパキお掃除
Special Attack: Clean Sweep,特殊スキル：強力清掃
EX Special Attack: Skirt Alert,強化特殊スキル：スカートの裾に注意
Chain Attack: Sorry...,連携スキル：ごめんなさい…
"Ultimate: Very, Very Sorry!",終結スキル：も、申し訳ございません！
Core Passive: Hyperfocus,コアパッシブ：集中
Additional Ability: Cleanup Assistance,追加能力：お掃除ヘルパー
"""Hibernation Period""",「凍眠期」
"""Light Absorption Technique""",「吸光法」
"""A Story of Sprouting""",「萌芽論」
"""Fragrant Tune""",「芳香律」
"""Time to Bloom""",「開花刻」
Theory of the Heart,「有心説」
Basic Attack: Chrysanthemum Wheel Dance,通常攻撃：霜しべのロンド
Basic Attack: Falling Petals - Slaughter,通常攻撃：落花・殲滅
Basic Attack: Falling Petals - Downfall,通常攻撃：落花・崩墜
Dodge: Running on Petals,回避：花弁を辿る
Dash Attack: Magnetic Wheel Dance,ダッシュ攻撃：落電のロンド
Dodge Counter: Blossom Burst,回避反撃：乱れ咲く花々
Quick Assist: Barrage of Raining Flowers,クイック支援：花嵐斉射
Defensive Assist: Sprouting Barrier,パリィ支援：咲き始めの障壁
Assist Follow-Up: Crimson Core Burst,支援突撃：紅く爆ぜる花芯
Special Attack: Withered in Frost,特殊スキル：蒼霜の零落
EX Special Attack: Raining Iron Petals,強化特殊スキル：鉄萼の雨
EX Special Attack: Raining Iron Petals - Away,強化特殊スキル：鉄萼の雨・離
Chain Attack: Tempest of Frosty Petals,連携スキル：ヘイル・ストリーム
Ultimate: Clockwork Garden - Bloom!,終結スキル：機巧ガーデン・開花！
Core Passive: Flower Chain Protocol,コアパッシブ：フローラ・プロトコル
Additional Ability: Surprise Strike,追加能力：思いがけない援軍
Rapid Charge Mode,急速充電モード
Precision Discharge,精密放電
Well-Disciplined,訓練の成果
Conducting Charge,電荷伝導
Street Experience,ストリートの経験
Charging Field,フィールドチャージ
Basic Attack: Turbo Volt,通常攻撃：ボルトターボ
Basic Attack: Thunderbolt,通常攻撃：落雷
Dodge: Slide,回避：スライドステップ
Dash Attack: Taser Blast,ダッシュ攻撃：電弧斬り
Dodge Counter: Thunderclap,回避反撃：迅雷
Quick Assist: Thunderfall,クイック支援：雷呼
Defensive Assist: Flash,パリィ支援：電光一閃
Assist Follow-Up: Lightning Whirl,支援突撃：スピニングサンダー
Special Attack: Fork Lightning,特殊スキル：電光斬り
EX Special Attack: Lightning Bolt,強化特殊スキル：蒼雷斬り
Chain Attack: Electro Engine,連携スキル：ソレノイドエンジン
Ultimate: Overdrive Engine,終結スキル：オーバードライブエンジン
Core Passive: Fluctuating Voltage,コアパッシブ：波動電圧
Additional Ability: Parallel Connection,追加能力：並列回路
Heroism,ヒロイズム
Recklessness of Youth,若気の至り
Slow Reflexes,鈍感力
Core Aspiration,初心
Distant Admiration,憧れの遠さ
Idealist,理想主義
Basic Attack: Lightning Strike,通常攻撃：電撃ストライク
Basic Attack: Lightning Strike - Electrified,通常攻撃：電撃ストライク・感電
Dodge: Evasion Maneuver,回避：障害物回避
Dash Attack: Thunder Assault,ダッシュ攻撃：電光の如き強襲
Dodge Counter: Retreat to Advance,回避反撃：進撃のための後退
Quick Assist: Armed Support,クイック支援：武力支援
Defensive Assist: Thundershield,パリィ支援：迅雷シールド
Assist Follow-Up: Public Security Ruling,支援突撃：裁くは治安の名のもとに
Special Attack: Thunder Shield Rush,特殊スキル：電光シールドラッシュ
EX Special Attack: Thunder Shield Rush - High Voltage,強化特殊スキル：電光シールドラッシュ・高電圧
Chain Attack: Final Judgement,連携スキル：最後の裁き
Ultimate: Justice Prevails,終結スキル：正義は必ず勝つ
Core Passive: Protector,コアパッシブ：守護者
Additional Ability: High Spirit,追加能力：意気揚々
Secret Friend,秘密の友達
Great Magician,マジシャンみたいだね
The Best Partner,ベストパートナー
Late-Night Hours,時は深夜
Dream Watcher,夢を守る人
The Never-Ending Journey,旅はけして終わらない
Basic Attack: Orbital Combo,通常攻撃：星軌ラッシュ
Dodge: Fading Silhouette,回避：ティルトシャドウ
Dash Attack: Refraction,ダッシュ攻撃：ミラージュ
Dodge Counter: Stardust Echo,回避反撃：スターダストエコー
Quick Assist: Crushing Mist,クイック支援：ミスティストライク
Defensive Assist: Voice of Illusory Dreams,パリィ支援：ドリームコール
Assist Follow-Up: Harmony of Painted Dreams,支援突撃：ドリームハーモニー
Special Attack: Symphony of the Reaper - Storm,特殊スキル：死神協奏曲・嵐
EX Special Attack: Symphony of the Reaper - Daybreak,強化特殊スキル：死神協奏曲・暁
Chain Attack: Stage of Brilliance,連携スキル：ビビッド・シアター
"Ultimate: Charge, Great Armor!",終結スキル：突撃、デカ腕マン！
Core Passive: Lost Nocturne,コアパッシブ：迷える夜の歌
Additional Ability: Ballad of the Long Night,追加能力：長夜の詩篇
Drill Formations,フォーメーション練習中
Little Boar Captain,イノシシ大隊長
Ironfist Overseer,鉄腕の世話係
Chaos Ball Game,無法試合
Wildland Princess,荒野のプリンセス
Fierce Fangs of Fire,牙は烈火にも勝る
Basic Attack: Lady's Bat,通常攻撃：淑女のおバット
Guard Boars: To Arms!,イノシシ親衛隊：エモノを構えなさい！
Guard Boars: Spinning Swing!,イノシシ親衛隊：回転打法！
Dodge: Foul Ball!,回避：ファール！
Dash Attack: Fearless Boar!,ダッシュ攻撃：猪突豪勇！
Dodge Counter: Returning Tusk!,回避反撃：牙を剥く！
Quick Assist: Hit By Pitch!,クイック支援：デッドボール！
Defensive Assist: Safe on Base!,パリィ支援：セーフ！
Assist Follow-Up: Scored a Run!,支援突撃：ホームイン！
Special Attack: Solid Hit!,特殊スキル：ヒット！
EX Special Attack: Home Run!,強化特殊スキル：ホームラン！
Cheer On!,かっとばせ！
Chain Attack: Grand Slam!,連携スキル：満塁ホームラン！
Ultimate: Walk-Off Home Run!,終結スキル：サヨナラホームラン！
Core Passive: Crimson Mane Guard,コアパッシブ：赤鬣親衛隊
Additional Ability: Batter Up!,追加能力：打席に立て！
Full Moon Momentum,満月に備えよ
Energy Feedback,エネルギー還元
Attendant Training,執事の教養
Graceful Demeanor,優雅たれ
Alpha Nature,アルファの本性
Ruthless Hunter,冷酷な猟人
Basic Attack: Moon Hunter,通常攻撃：月下遊猟
Dodge: Suitable Positioning,回避：弁えた所作
Dash Attack: Keep it Clean,ダッシュ攻撃：清潔を保つ
Dodge Counter: Etiquette Manual,回避反撃：礼儀の躾
Quick Assist: Wolf Pack,クイック支援：群狼
Defensive Assist: Disrupted Hunt,パリィ支援：狩りへの介入
Assist Follow-Up: Vengeful Counterattack,支援突撃：復讐の反攻
Special Attack: Time to Hunt,特殊スキル：狩人の刻
EX Special Attack: Thrill of the Hunt,強化特殊スキル：人狼の刻
Chain Attack: As You Wish,連携スキル：御意に
Ultimate: Mission Complete,終結スキル：使命を果たす
Core Passive: Metallic Paws,コアパッシブ：フルメタル・レッグ
Additional Ability: Elegant Predator,追加能力：優雅なる狩人
Spiritual Path,清き道術の心
Ward Off Misfortune,災いを滅し魔を払う
Cycle of Yin and Yang,陰陽相生
The One Path of Mysticism,道術一如
Calm Sky Vigil,流れ行く雲を眺めて
Swift Yet Still,流れ行く雲を眺めて
Basic Attack: Cirrus Strike,通常攻撃：雲霄の型
Basic Attack: Ink - Veil Cloud Coalescence,通常攻撃：墨影を雲に凝す
Basic Attack: Auric Array,通常攻撃：玄墨陣法
Basic Attack: Qingming Eruption,通常攻撃：青溟爆震
Dodge: Hidden Cloud Technique,回避：雲隠れの術
Dash Attack: Skybreaker,ダッシュ攻撃：凌雲・破壊の術
Dodge: Nimbus Step,回避：碧空随行
Dodge Counter: Banishing Blow,回避反撃：祓いの一撃
Quick Assist: Cloudstream Shadow,クイック支援：流雲影身
Defensive Assist: Clear Sky Surge,パリィ支援：清霄の型
Assist Follow-Up: Celestial Cloud Blitz,支援突撃：蒼穹突貫
Special Attack: Shadow-Ignition,特殊スキル：灰滅影葬
EX Special Attack: Ink Manifestation,強化特殊スキル：具現せし墨跡
EX Special Attack: Cloud-Shaper,強化特殊スキル：凝雲の術
EX Special Attack: Ashen Ink Becomes Shadows,強化特殊スキル：墨散影消
Chain Attack: Auric Ink Rush,連携スキル：玄墨迅撃
Ultimate: Qingming Skyshade,終結スキル：青溟雲影
Ultimate: Endless Talisman Suppression,終結スキル：術法千万
Core Passive: Grandmaster of Mysticism,コアパッシブ：術法の第一人者
Additional Ability: Auric Ink Undercurrent,追加能力：玄墨の暗流
Recharge Chamber,リチャージチャンバー
Lightning Piercer,絶縁破壊
Chief Mechanic,首席メカニック
Burst Capacitor,電爆キャパシタ
"""Frosty Cold Iron Witch""",「冷たい鉄の魔女」
Detonation Trigger,起爆トリガー
Basic Attack: High-Pressure Spike,通常攻撃：高圧ネイルガン
Dodge: Safety Regulation,回避：安全規程
Dash Attack: Quick Inspection,ダッシュ攻撃：抜き打ち検査
Dodge Counter: Violation Penalty,回避反撃：違反罰則
Quick Assist: Incident Management,クイック支援：ヒヤリハット対策
Evasive Assist: Rapid Risk Response,回避支援：快速リスク対応
Assist Follow-Up: Counter Volt Needle,支援突撃：反撃の電気針
Special Attack: Obstruction Removal,特殊スキル：障害撤去
EX Special Attack: Supercharged Obstruction Removal,強化特殊スキル：規格外障害撤去
Chain Attack: Collaborative Construction,連携スキル：協同施工
Ultimate: Demolition Blast - Beware,終結スキル：発破作業中立入禁止
Core Passive: Pre-Driven Needle,コアパッシブ：プリドライバ撃針
Additional Ability: Tech Support Dept.,追加能力：技術支援チーム
Supercharged Bomb,加圧式強装弾
Charging Device,エネルギー収集装置
A Hare's Cunning,邪兎の知恵
Field Expansion,領域拡大
Industry Star,業界の寵児
Corrupting Energy Field,侵蝕力場
Basic Attack: Cunning Combo,通常攻撃：邪兎の連打
Basic Attack: Do As I Please,通常攻撃：思うがままに
Dodge: Speed Demon,回避：脱兎
Dash Attack: Jack in the Box,ダッシュ攻撃：開けてビックリ
Dodge Counter: Diverted Bombard,回避反撃：牽制砲撃
Quick Assist: Emergency Bombard,クイック支援：救急砲撃
Defensive Assist: The Hare Strikes Back!,パリィ支援：邪兎の出番！
Assist Follow-Up: Window of Opportunity,支援突撃：虚に乗ずる
Special Attack: Sugarcoated Bullet,特殊スキル：シュガーボム
EX Special Attack: Stuffed Sugarcoated Bullet,強化特殊スキル：シュガーボム・サンド
Chain Attack: Ether Shellacking,連携スキル：高級エーテルボム
Ultimate: Ether Grenade,終結スキル：特製エーテルグレネード
Core Passive: Mechanical Case,コアパッシブ：からくり箱
Additional Ability: Hare of Many Burrows,追加能力：狡兎三窟
Qi Shield,護身の気勁
Yunkui Pressure-Point Strike,雲嶽流点穴術
Non-Meridian Pressure Point,天外経穴
First-Class Head Chef,特級料理人
"""Thiren""",「稀なるシリオン」
Meridian Theory,気穴学
Basic Attack: Unyielding Strikes,通常攻撃：連打の極意
Dodge: Light as a Swallow,回避：身軽さ燕の如く
Dash Attack: Sizzling Oil Supreme,ダッシュ攻撃：熱油全開
Dodge Counter: Moving Mountains and Seas,回避反撃：天地一変
Quick Assist: Lift Your Gaze to Good Fortune,クイック支援：仰げば招福
Defensive Assist: Intimidating Presence,パリィ支援：見敵甲脱
Assist Follow-Up: Ride the Momentum,支援突撃：勢いを味方に
Special Attack: Sonic Pressure-Point Strike,特殊スキル：爆音点穴
Special Attack: Touch of Death,特殊スキル：断脈破穴手
EX Special Attack: Mountainous Pulse Strike,強化特殊スキル：貼山震脈靠
Chain Attack: Anointed with Wok Steam,連携スキル：料理人の気合
Ultimate: A Feast Fit for an Emperor!,終結スキル：ごちそうの極み！
Core Passive: Meridian Enlightenment,コアパッシブ：気脈乾坤
Additional Ability: Iron Stomach,追加能力：パンダの胃袋
Beat of the Hammer,ハンマリングリズム
Kinetic Recovery,運動エネルギー回生
"""Mind Your Own!""",「あたしを怒らせるな」
Furnace's Glow,溶炉の余熱
"""You Dare Underestimate Me?""",「あたしを見くびるな！」
Saturated Blast,飽和爆発
Basic Attack: Smash 'n' Bash,通常攻撃：打ち砕いて、ぶちのめす
Dodge: Wait 'n' See,回避：今に見てな！
Dash Attack: Tremble!,ダッシュ攻撃：震えろ
Dodge Counter: Don't Look Down on Me,回避反撃：見くびるな！
Quick Assist: Coming Thru!,クイック支援：あたしがやる！
Defensive Assist: Protective Hammer,パリィ支援：護身槌
Assist Follow-Up: Hammer Bell,支援突撃：鐘打
Special Attack: Hammer Time,特殊スキル：爆破！ハンマータイム
EX Special Attack: Boiling Furnace,強化特殊スキル：沸騰溶炉
Chain Attack: Natural Disaster,連携スキル：天崩・地裂
Ultimate: Hammerquake,終結スキル：地の底にぶちこんでやる！
Core Passive: Demolition Hammer,コアパッシブ：爆砕槌
Additional Ability: Belobog Management,追加能力：白祇式経営学
Sharpened Senses,研ぎ澄まされた洞察
Ether Vision,「エーテル・サイト」
Homecoming,『帰郷』
Concealment,息を潜めて
Locked In,狙いを定める意志
Beyond the River of the Dead,冥き河の向こう側
Basic Attack: Cold-Bore Shot,通常攻撃：コールドバレル・ショット
Basic Attack: Silenced Shot,通常攻撃：サイレント・スナイプ
Basic Attack: Harmonizing Shot,通常攻撃：狙撃協奏曲
Basic Attack: Harmonizing Shot - Tartarus,通常攻撃：狙撃協奏曲・奈落
Dodge: Phantom Concealment,回避：魂隠し
Dash Attack: Vengeful Specter,ダッシュ攻撃：怨魂返し
Dodge Counter: Condemned Soul,回避反撃：極魂の罰
Quick Assist: Cold-Bore Cover Fire,クイック支援：コールドバレル・アシスト
Defensive Assist: Delaying Demise,パリィ支援：死線偏移
Assist Follow-Up: Piercing Thunder,支援突撃：射貫く霹靂
Special Attack: Spectral Flash,特殊スキル：幽閃
EX Special Attack: Flash Burial,強化特殊スキル：幽閃花葬
Chain Attack: Stygian Guide,連携スキル：三途川の引導
Ultimate: Underworld Requiem,終結スキル：冥府の挽歌
Core Passive: Soul-Searching Gaze,コアパッシブ：虚を突く幽目
Additional Ability: Silver Lantern's Gaze,追加能力：銀灯の霊眼
Frost Atop the Snow,雪上に霜を加う
Breath Technique,吐納法
Martial Discipline,武芸者の素養
Rupture,皸裂
Anniversary,記憶されるべき日
Prodigious Talent,天賦の才
Basic Attack: Kazahana,通常攻撃：風花
Basic Attack: Shimotsuki,通常攻撃：霜月
Dodge: Mizutori,回避：水鳥
Dash Attack: Fuyubachi,ダッシュ攻撃：冬蜂
Dodge Counter: Kan Suzume,回避反撃：寒雀
Quick Assist: Dancing Petals,クイック支援：花信風
Defensive Assist: Drifting Petals,パリィ支援：花筏
Assist Follow-Up: Falling Petals,支援突撃：帰り花
Special Attack: Miyuki,特殊スキル：深雪
EX Special Attack: Hisetsu,強化特殊スキル：飛雪
Chain Attack: Spring's Call,連携スキル：春来たる
Ultimate: Lingering Snow,終結スキル：なごり雪
Core Passive: Searing Cold,コアパッシブ：寒炎
Additional Ability: Bask in Frost,追加能力：霜雪を共に沐し
The Champion,無敗のチャンピオン
Red Scarf,赤いマフラー
Mercenary Leader,傭兵団の団長
Sunglasses,グラサン
Decision Maker,決断を下す者
Survivor,生き残り
Basic Attack: L-Form Thundering Fist,通常攻撃：L式グラウリング・フィスト
Dodge: Shadowed Slide,回避：シャドーステップ
Dash Attack: Charging Slam,ダッシュ攻撃：ムクロ・スラスト
Dodge Counter: Blazing Flash,回避反撃：ブレイジングドライブ
Quick Assist: Blazing Flash - Guard,クイック支援：ブレイジングドライブ-守
Defensive Assist: Swift Break,パリィ支援：スウィフト・ブレイク
Assist Follow-Up: Charging Slam - Stab,支援突撃：ムクロ・スラスト-刺
Special Attack: V-Form Sunrise Uppercut,特殊スキル：V式サンライズ・アッパー
EX Special Attack: V-Form Sunrise Uppercut - Full Distance,強化特殊スキル：V式サンライズ・アッパー-フルストローク
Chain Attack: V-Form Scorching Sun,連携スキル：V式スコーチド・サン
Ultimate: W-Form Crowned Inferno,終結スキル：W式クラウン・インフェルノ
Core Passive: Accelerant,コアパッシブ：アクセレラント
Additional Ability: Fighting Spirit,追加能力：燃える闘志
Glacial Omen,寒冬の先触れ
Arctic Ocean Predator,極海の捕食者
Overtime-Intolerant,残業ゼロ
Endless Hoarfrost,休みなき寒潮
Adequate Sleep,十分な睡眠
The Feast Begins,盛宴の時
Basic Attack: Saw Teeth Trimming,通常攻撃：鋭牙剪定法
Basic Attack: Flash Freeze Trimming,通常攻撃：急凍剪定法
Dodge: Vortex,回避：渦
Dash: Roaming Hunt,ダッシュ：狩り遊ぶ
Dash Attack: Arctic Ambush,ダッシュ攻撃：薄氷の急襲
Flash Freeze,急凍
Dash Attack: Monstrous Wave,ダッシュ攻撃：荒波
Dash Attack: Cold Snap,ダッシュ攻撃：寒潮
Dodge Counter: Reef Rock,回避反撃：暗礁
Quick Assist: Shark Sentinel,クイック支援：護衛シャーク
Defensive Assist: Wavefront Impact,パリィ支援：向かい波
Assist Follow-Up: Shark Cruiser,支援突撃：巡洋シャーク
Special Attack: Drift,特殊スキル：尾びれビンタ
EX Special Attack: Tail Swipe,強化特殊スキル：一掃
EX Special Attack: Sharknami,強化特殊スキル：シャーク・トルネード
Chain Attack: Avalanche,連携スキル：雪崩
Ultimate: Endless Winter,終結スキル：終わりなき冬の狂宴
Core Passive: Sharp-Toothed,コアパッシブ：口がおジョーズ
Additional Ability: Rising Storm,追加能力：ライジングストーム
Rapid Heat,急速加熱
Scorching Convergence,高温凝縮
Elite Soldier,精鋭兵士
Indulgent Blaze,強まる火勢
Perfect Soldier,完璧無欠な兵士
Scorching Flow,灼熱のゾーン
Basic Attack: Warmup Sparks,通常攻撃：抜刀散火
Basic Attack: Fire Suppression,通常攻撃：火力鎮圧
Dodge: Tempered Fire,回避：焼鈍し
Dash Attack: Blazing Fire,ダッシュ攻撃：熾火
Dash Attack: Fire Suppression,ダッシュ攻撃：火力鎮圧
Dodge Counter: Backdraft,回避反撃：逆火
Quick Assist: Covering Fire,クイック支援：火力支援
Defensive Assist: Hold the Line,パリィ支援：防衛ライン強化
Assist Follow-Up: Reignition,支援突撃：再燃
Special Attack: Raging Fire,特殊スキル：烈火
EX Special Attack: Fervent Fire,強化特殊スキル：燃え盛る烈火
Chain Attack: Uplifting Flame,連携スキル：滾る烈火
Ultimate: Bellowing Flame,終結スキル：轟く烈火
Core Passive: Heatwave,コアパッシブ：熱波
Additional Ability: Fields of Fire,追加能力：燎原
Walking Into the Orchard in Spring,『春の果樹園へおいでよ！』
"Stormy Night, Stormy Night",『あらしの夜よ、あらしの夜よ』
Another and the Same,『違うもの、同じもの』
The Wind Between the Reeds,『葦間の風』
Sonnet,『ソネット』
Vivian,『ビビアン』
Basic Attack: Feathered Strike,通常攻撃：羽毛の一撃
Basic Attack: Noblewoman - Waltz,通常攻撃：淑女の作法・舞踏
Basic Attack: Fluttering Frock - Suspension,通常攻撃：スカートフロート・悠落
Basic Attack: Featherbloom,通常攻撃：花咲き羽落つ
Dodge: Lightstream,回避：流光
Dash Attack: Silver Thorned Melody,ダッシュ攻撃：銀棘の円舞曲
Dodge Counter: Wingblade Reverb,回避反撃：羽刃の切り返し
Dodge: Dainty Steps,回避：レディーワルツ
Quick Assist: Frostwing Guard,クイック支援：あなたを覆う羽
Defensive Assist: Silver Umbrella Formation,パリィ支援：銀傘のパレード
Assist Follow-Up: Featherblade Execution,支援突撃：裁決の羽刃
Special Attack: Song of Silver Wings,特殊スキル：銀翼のアリア
EX Special Attack: Violet Requiem,強化特殊スキル：スミレの弔い
Chain Attack: Chorus of Celestial Wings,連携スキル：星翼のハーモニー
Ultimate: Soaring Bird's Song,終結スキル：鳥鳴讃歌
Core Passive: Dirge of Destiny,コアパッシブ：運命のエレジー
Additional Ability: Prophetic Tears,追加能力：予見の涙
Dance Duet,リードダンサー×2
Master's Paragon,主人の模範
Head Maid's Specialty,メイド長の実力5
Needle and Hammer,紡錘と槌
Head Maid Perfectionist,完璧主義のメイド長
Stormy Night's Fright,ストーミーナイト・スケアリー
Basic Attack: Whack the Dimwit,通常攻撃：アホを痛めつけろ
Basic Attack: Shoo the Fool,通常攻撃：マヌケを追い払え
Dodge: Dress Adjustment,回避：裾のシワを伸ばして
Dash Attack: Sudden Surprise,ダッシュ攻撃：いきなりビックリ
Dodge Counter: Bangboo Callback,回避反撃：ボンプ回生
Quick Assist: Duple Meter Allemande,クイック支援：二拍子のアルマンド
Evasive Assist: Triple Meter Courante,回避支援：三拍子のクーラント
Assist Follow-Up: Quadruple Meter Gavotte,支援突撃：四拍子のガヴォット
Special Attack: Beat the Blockhead,特殊スキル：おバカをぶっ叩け
EX Special Attack: Dimwit Disappearing Trick,強化特殊スキル：おバカ消失魔法
Chain Attack: Code of Conduct,連携スキル：侍者の心得
Ultimate: The Queen's Attendants,終結スキル：女王の侍従たち
Core Passive: Mini Destruction Partner,コアパッシブ：ちょっとした壊滅のオトモ
Additional Ability: Banquet of Perfection,追加能力：完美なる舞踏会
Spearhead Advance,楔形陣形
Legacy of the Far Lands,異境からの伝承
Absolute Trust,絶対的な信頼
Aries the Battering-Ram,アレスの破城槌
Romantic Conquest,征服のロマンス
Overlord's Will,覇者の志
Basic Attack: Rampaging Slash,通常攻撃：ランペイジスラッシュ
Basic Attack: Dead End,通常攻撃：ここは通さない！
Dodge: Adrift,回避：ドリフト
Dash Attack: Hog Rush,ダッシュ攻撃：猪突猛進
Dodge Counter: Eye For an Eye,回避反撃：牙には牙を
Quick Assist: Lane Change,クイック支援：車線変更
Defensive Assist: Aegis Shield,パリィ支援：イージスの盾
Assist Follow-Up: Aiding Blade,支援突撃：支える剣
Special Attack: Shockwave Shield Bash,特殊スキル：シールドバッシュ
Special Attack: Roaring Thrust,特殊スキル：轟きのスラスト
EX Special Attack: Parry Counter,強化特殊スキル：カウンターパリィ
EX Special Attack: Overpowered Shield Bash,強化特殊スキル：圧倒的シールドバッシュ
Stance Switch,攻防一転
Chain Attack: Road Rage Slam,連携スキル：ロードレイジスラム
Ultimate: Savage Smash,終結スキル：サベージスマッシュ
Core Passive: Barrier of Resilience,コアパッシブ：堅固な壁
Additional Ability: Battle Spirit,追加能力：ほとばしる闘志
Dazzling Entrance,堂々登場
Roaming Gunslinger,ローミング・ガンスリンガー
Teachings of the Starlight Knights,スターライトナイトの教え
Starlight Ballistics,スターライト・バリスティクス
Lost Technological Construct,失われた技術の構造体
Starlight Hero,スターライト・英雄的瞬間
Basic Attack: Full Firepower,通常攻撃：出力全開
Dodge: Risky Business,回避：危ねぇ危ねぇ！
Dash Attack: Starlight Sanction,ダッシュ攻撃：スターライトジャッジメント
Dodge Counter: Fair Fight,回避反撃：フェアな決闘
Quick Assist: Power of Teamwork,クイック支援：スターライト・絆の力
Evasive Assist: Flash Spin,回避支援：ダッジステップ
Assist Follow-Up: Fatal Shot,支援突撃：急所エイム
Special Attack: Stand Still,特殊スキル：大人しくしてろ！
EX Special Attack: Clearance Time,強化特殊スキル：スイーパー・タイム
Chain Attack: Starlight Mirage,連携スキル：スターライトグローリー
"Ultimate: Starlight, Shine Bright",終結スキル：スターライト、ここに輝く！
Core Passive: Steady Shot,コアパッシブ：射撃姿勢
Additional Ability: Team Starlight,追加能力：スターライト戦隊
Lucky Constitution,ラッキー体質
Full of Colorful Company,柚葉と愉快な仲間たち
Fairytale of the Haunted City,とあるお城のおとぎ話
Falling Magic,奇跡が落ちてきた
Dreams of a Fading Winter,冬の名残り、夢の足跡
Put Down Roots,ここに深く根を下ろす
Basic Attack: Tanuki Claws,通常攻撃：狸の爪痕
Basic Attack: Tanuki Cloak,通常攻撃：狸の覆い
Basic Attack: Hard Candy Shot,通常攻撃：キャンディーシュート
Basic Attack: Sugarburst Sparkles,通常攻撃：スパークルキャンディー
Basic Attack: Sugarburst Sparkles - Max,通常攻撃：スパークルキャンディー・極
Basic Attack: Tanuki Helper,通常攻撃：狸の助け
Dodge: Did I Scare You?,回避：びっくりしたぁ？
Dash Attack: You're Outta Luck!,ダッシュ攻撃：ついてないね～！
Dodge Counter: Time for Payback~,回避反撃：仕返し、はじめ！
Quick Assist: Dessert Time,クイック支援：おやつの時間
Defensive Assist: Replenish Your Fun,パリィ支援：はじける栄養バー
Assist Follow-Up: We Have Cookies,支援突撃：クッキーどぞ！
Assist Follow-Up: Stuffed Hard Candy Shot,支援突撃：ミックスキャンディーシュート
Special Attack: Gummy Bombardment,特殊スキル：グミ・ブラスト
EX Special Attack: Cavity Alert,強化特殊スキル：虫歯注意報
"EX Special Attack: Cavity Alert, Right Now!",強化特殊スキル：虫歯注意報、今がチャンス！
Sweet Scare,スイートパニック
Chain Attack: Prank Assault,連携スキル：いたずら合戦
Ultimate: Surrender or Suffer the Mischief,終結スキル：トリック・オア・ギブ
Core Passive: Whimsical Wonder,コアパッシブ：ビビッド・カラフル
Additional Ability: The More the Merrier,追加能力：みんなで大騒ぎ！
Palmful of Cilantro,掌で咲くコエンドロ
Sage at the Sword's Tip,剣先のセージ
Symmetrism,シンメトリー
Rosemary on Her Lips,唇に残るローズマリー
Passion for the Supernatural,怪奇への渇望
A Heart of Thyme,胸に抱くタイム
Basic Attack: Celestial Overture,通常攻撃：星儀のプレリュード
Basic Attack: Starshine Waltz,通常攻撃：輝く星のワルツ
Dodge: Jumpy Bunny,回避：ラビットホール
Dash Attack: Blade-Dancer's Gale,ダッシュ攻撃：剣舞の風
Dodge Counter: Ceremony of Swordlight,回避反撃：剣閃の儀
Quick Assist: Intertwined Stab,クイック支援：オルタナスラスト
Defensive Assist: Parry Guard,パリィ支援：カウンターディフェンス
Assist Follow-Up: Cross Riposte,支援突撃：クロスカウンター
Special Attack: Piercing Dawn,特殊スキル：デイブレイクスラスト
EX Special Attack: Aurora Thrust - Northern Cross,強化特殊スキル：オーロラスラスト・北十字
EX Special Attack: Aurora Thrust - Southern Cross,強化特殊スキル：オーロラスラスト・南十字
Chain Attack: Starfall Intermission,連携スキル：星降るインタールード
Ultimate: Starfall Finale,終結スキル：降る星のフィナーレ
Core Passive: Twin Rainbows of the Swordheart,コアパッシブ：双虹の剣心
Additional Ability: Mystery Hunt,追加能力：奇怪を探して
Self-Interest,エゴイスト
Opportunistic,機を見るに敏
Territorial,縄張り意識
Joy of the Hunt,狩る楽しみ
Tail Game,尻尾遊戯
Behind the Mask,マスクの下には
Basic Attack: Swift Strike,通常攻撃：ファストスラッシュ
Basic Attack: Leaping Strike,通常攻撃：ジャンプスラッシュ
Dodge: Reversal Shot,回避：正向反射
Dash Attack: First Strike Advantage,ダッシュ攻撃：早いもん勝ち
Dodge Counter: Relentless Retribution,回避反撃：目には目を
Quick Assist: Contract - Bodyguard,クイック支援：契約・ボディガード
Evasive Assist: Contract - Outsourced Combat,回避支援：契約・派遣戦闘員
Assist Follow-Up: Independent Pricing,支援突撃：別料金だよ
Special Attack: Rending Claw,特殊スキル：バイトクロー
Special Attack: Rending Claw - Nightmare Shadow,特殊スキル：バイトクロー・ナイトメア
EX Special Attack: Rending Claw - Flashstep,強化特殊スキル：バイトクロー・フラッシュ
"Chain Attack: Hey, Didn't Expect That, Right?",連携スキル：びっくりさせた？
"Ultimate: Oh, Time to Play?",終結スキル：遊びの時間さ
Core Passive: Hunter's Instinct,コアパッシブ：捕食者の本能
Additional Ability: Business Partner,追加能力：ビジネスパートナー
Static Charge,静電荷
Fail-Safe Protocol,フェイルセーフ・プロトコル
Past Glory,往日の栄光
Silver Reverb,銀白の残響
Director's Cut,"ディレクターズ・
カット"
Prequel Protagonist,前日譚の主人公
Basic Attack: Penetrating Shock,通常攻撃：絶縁破壊
Dodge: Strobe,回避：閃輝
Dash Attack: Torrent,ダッシュ攻撃：奔流
Dodge Counter: Ground Flash Counter,回避反撃：対地放電
Quick Assist: Cloud Flash,クイック支援：雲間の一閃
Defensive Assist: Counter Surge,パリィ支援：逆襲する電荷
Assist Follow-Up: Conducting Blow,支援突撃：先行導電
Special Attack: Celestial Thunder,特殊スキル：星雷
Special Attack: Azure Flash,特殊スキル：蒼光
Special Attack: Thunder Smite,特殊スキル：雷打
EX Special Attack: Sundering Bolt,特殊スキル：蒼光・臨界
Chain Attack: Leaping Thunderstrike,連携スキル：弾む落雷
Core Passive: Voltage Gap,コアパッシブ：電位差
Additional Ability: Voltage Surge,追加能力：誘電分極
Super Scary Little Tiger,どえらく怖い、虎の子
Almighty Qingming Warrior,神通広大、青溟の侠客
Righteous Young Hero,義を重んじる若き侠客
Monster-Slaying Tiger Mystic,妖魔制す、虎の修行者
Unrivaled Almighty Senior,驚天動地の大姉弟子
Roar of My Inner Tiger,胸中に響く、虎の咆哮
Basic Attack: Tiger Seven Forms - Flaming Claw,通常攻撃：悪虎の型・燃ゆる爪
Basic Attack: Hu Wei,通常攻撃：「虎威」
Dodge: Tiger Seven Forms - Tigerwind,回避：悪虎の型・風は虎に従う
Dash Attack: Tiger Seven Forms - Tiger Charge,ダッシュ攻撃：悪虎の型・虎奔
Dash Attack: Tiger Seven Forms - Mountain King's Game,ダッシュ攻撃：悪虎の型・大山の猛虎
Dodge Counter: Tiger Seven Forms - Reignited Mountain,回避反撃：悪虎の型・轟々たる離火
Quick Assist: Decisive Stomp,クイック支援：怒りて肉球を残す
Defensive Assist: Steadfast Crouching Tiger,パリィ支援：不動の虎構え
Assist Follow-Up: Feral Blazing Maw,支援突撃：獣の食らいつき
Special Attack: Tiger Seven Forms - Mountain-Descending Tiger,特殊スキル：悪虎の型・山下り
EX Special Attack: Tiger Seven Forms Alt - Mountain-Descending Savage Tiger,強化特殊スキル：悪虎の型・山下り・改
Chain Attack: Tiger Cauldron Collapse,連携スキル：虎威の攻勢
Chain Attack: Suppressing Tiger Cauldron,連携スキル：虎威の威嚇
Ultimate: Tiger Seven Forms - Raging Tiger Explosion,終結スキル：悪虎の型・猛虎爆砕
Core Passive: Fu-rocious Might,コアパッシブ：虎の猛威
Additional Ability: Aura of Authority,追加能力：威風堂々
Child of Hatred,憎しみの子
The Child Within,内なる子ども
Fruit of the Poisonous Tree,毒樹の果実
Dramatic Theory,作劇法
Nirvana,ネハン
Crown of Thorns,茨のかんむり
Basic Attack: Dark Abyss Quartet,通常攻撃：深淵四重奏
Basic Attack: Dark Abyss Concerto,通常攻撃：深淵の協奏
Dodge: Phantasm,回避：シェード
Dash Attack: Phantasm - Shatter,ダッシュ攻撃：シェード・破
Dodge Counter: Phantasm - Slash,回避反撃：シェード・斬
Quick Assist: Elegy,クイック支援：レクイエム
Defensive Assist: The End Has Not Come,パリィ支援：死はいまだ遠く
Assist Follow-Up: Ace Reversal,支援突撃：逆転の切り札
Special Attack: Soul Hunter - Judgment,特殊スキル：魂狩り・断罪
EX Special Attack: Soul Hunter - Punishment,強化特殊スキル：魂狩り・懲罰
Chain Attack: Trick of Fate,連携スキル：運命のトリック
Ultimate: Blaspheme,終結スキル：涜神せしもの
Core Passive: Terminating Verdict,コアパッシブ：終末の裁定
Additional Ability: Prelude to Finality,追加能力：終焉の序曲
Quick Reload,クイックリロード
Ether Ember,エーテルの余燼
Public Security Special Training,治安官特別訓練
Ether Perforation,エーテル浸透
Special Ops Experience,特務の経験
Expanded Energy Pack III,拡張エネルギーパック-参型
Basic Attack: Don't Move!,通常攻撃：動くな！
Basic Attack: Please Do Not Resist,通常攻撃：抵抗はやめなさい
Dodge: Tactical Detour,回避：迂回
Dash Attack: Firepower Offensive,ダッシュ攻撃：火力奇襲
Dash Attack: Overwhelming Firepower,ダッシュ攻撃：火力制圧
Dodge Counter: Fire Blast,回避反撃：火力バースト
Quick Assist: Covering Shot,クイック支援：火力援護
Evasive Assist: Guarded Backup,回避支援：警戒援護体制
Assist Follow-Up: Defensive Counter,支援突撃：正当防衛
Special Attack: Buckshot Blast,特殊スキル：バックショット
EX Special Attack: Full Barrage,強化特殊スキル：全弾連射
Chain Attack: Eradication Mode,連携スキル：殲滅モード
Ultimate: Max Eradication Mode,終結スキル：殲滅モードMAX
Core Passive: Special Ops Ammunition,コアパッシブ：特殊弾薬
Additional Ability: Tactical Coordination,追加能力：武装間連携
Anton,アンドー
Drill Attack,ドリル攻撃
Energy,エネルギー
EX Special Attack,強化特殊スキル
Burst Mode,爆発状態
Shield,シールド
HP,HP
entering combat,接敵状態
switching in,キャラ切替
Shield effect,シールド効果
in the zone,ゾーン
Nitro-Fuel,ニトロフューエル
"Good Morning, Zealous Office Workers!",おはよう、熱血サラリーマン！
Basic Attack,通常攻撃
Dodge,回避
Assist,支援スキル
Special Attack,特殊スキル
Chain Attack,連携スキル
Lv.,スキルレベル
Hollow worksite,ホロウの現場
Ultimate,終結スキル
squad members,メンバー全員
CRIT Rate,会心率
s,秒
Piledriver Attack,杭打ち攻撃
critical hit,会心
DMG,与ダメージ
stacking,重ね掛け
duration,継続時間
reset duration,継続時間更新
Physical DMG,物理属性ダメージ
4th-hit,4段目
Electric DMG,電気属性ダメージ
attack duration,スキルの継続時間
invulnerable,無敵効果
Perfect Dodge,極限回避
Quick Assist,クイック支援
Shoulder-To-Shoulder,肩を並べて
Protective Drill,サポート・ドリルブレイク
Defensive Assist,パリィ支援
Iron Wrist,鉄腕
Daze,ブレイク値
Assist Points,支援ポイント
Assist Follow-Up,支援突撃
Limit Burst,極限突進
Pile Driver Attack,杭打ち攻撃
"Spin, Bro!",回れ、兄弟！
Anti-Interrupt level,中断耐性レベル
Explosive Drill,兄弟、天を衝け！
"Smash the Horizon, Bro!",バースト・ドリルブレイク（爆発状態）
Go Go Go!,回れ回れ！
Go Go Go Go Go!,回れ！回れ！！回れ！！！
Decibel Rating,デシベルレート
Maximum,Maximum
Core Passive,コアパッシブ
Brothers in Arms!,兄弟と一つに！
Additional Ability,追加能力
Teamwork,一致協力
Attribute,属性
Faction,陣営
Shocked,感電状態
critical hits,会心
Shock DMG,感電ダメージ
Adrenaline,アドレナリン
Yidhari,イドリー
Frost Coil,氷霜
Glacial Crush,極寒・重砕
Special Attack,特殊攻撃
Ice RES,氷属性ダメージ耐性
CRIT DMG,会心ダメージ
Surging Cold,寒風
Crushing Pursuit,追砕
Adrenaline regen,アドレナリン回復
Decibels,デシベル値
Max HP,最大HP
Erudition,諦観
Sheer DMG,透徹ダメージ
fatal DMG,致命的なダメージ
defeated,戦闘不能
Ice DMG,氷属性ダメージ
charging,チャージ
charge level,チャージ段数
finishing smash,とどめの落下攻撃
DMG taken,被ダメージ
Flashquake Rejection,閃震の守り
Parry,パリィ
Invulnerable,無敵
on-field character,出場中のメンバー
Glacial Onslaught,氷襲の痛撃
Cease Thoughts,断想
Anti-Interrupt,中断耐性
missing HP,失ったHP
Frostbite Embrace,霜寒の抱擁
Stunned,ブレイク状態
charge level,チャージレベル
finishing slam,とどめの落下攻撃
Frostbound Oath,寒霜の誓約
tentacles,触手
charge speed,チャージ速度
Final Act - Crossing the River of Regret,終幕・儚き夢を渡って
Dreamscape Collection,夢掬いの空想
Sheer Force,透徹力
DEF,防御力
DMG Multiplier,ダメージ倍率
Investigation Zone Mode,探査モード
skill DMG,スキルダメージ
buff,強化効果
Narrative Completion,完全なる物語
Stun,撃破
Support character,支援メンバー
level 3 charged attack,3段チャージ攻撃
Nekomata,猫又
Physical RES,物理属性ダメージ耐性
back attacks,背後からの攻撃
field,フィールド
in combat,接敵状態
Energy Generation Rate,エネルギー獲得効率
Lv. +2,スキルレベル+2
old civilization,旧文明
stacking up to 2 times,最大2重まで重ね掛け可能
each stack's duration being calculated separately,継続時間は重ごとに独立してカウントされる
stacking up to 3 times,最大3重まで重ね掛け可能
effect expires,効果が終了する
defeating an enemy,敵を倒した時
maximum stacks,重数の上限
Thiren,シリオン
Feline Thirens,ネコのシリオン
Press to activate,を押して発動
slashes,斬撃
last hit,最後の1段
33.33% chance,33.33%の確率
repeat this hit 3 times,斬撃を3回放つ
Hold to activate,を長押しして発動
first 3 hits,最初の3段
passes through them,敵を貫通し
Upon activation,スキル発動時
rapid dodge,高速回避
Character is invulnerable,無敵効果を得る
while using this skill,スキル発動中
during a dodge,回避時に
on-field character,操作しているメンバー
launched,吹き飛ばされた
character on field,出場中のメンバー
Parries,パリィ
dealing massive Daze,ブレイク値を大量に蓄積させる
Hair Upon Your Nape,貴方の首筋
Dodge Counter,回避反撃
Evasive Assist,回避支援
heavy attack,重撃
Astra Yao,アストラ
Eve,イヴ
Proxy(Wise/Belle),{♂: アキラ}{♀: リン}
Invulnerability,無敵効果
Assault,強撃
All-Attribute RES,全属性ダメージ耐性
Song of Protection,守護の音
ATK,攻撃力
ATK buff,攻撃力アップ効果
Graceful Andante,アンダンテ・カンタービレ
Tremolo,ビブラート
Tone Clusters,トーンクラスター
Skill Lv.,スキルレベル
Chords,コード
Attack,強攻
extra DMG,追加ダメージ
Anomaly,異常
Anomaly Buildup,状態異常蓄積値
Idyllic Cadenza state,アイドリック・カデンツァ状態
DMG multiplier,ダメージ倍率
Precise Assist,精密支援
Basic Attack: Capriccio,通常攻撃：カプリチオ
Capriccio,カプリチオ
Ether DMG,エーテル属性ダメージ
charge,チャージ
charge state,チャージ状態
Interlude,インタールード
Chorus,コーラス
invulnerable,無敵
Finale,フィナーレ
buff,バフ効果
Core Passive: Graceful Andante,コアパッシブ：アンダンテ・カンタービレ
Dodge: Mini Waltz,回避：マイナーワルツ
Mini Waltz,マイナーワルツ
dash,ダッシュ
Dash Attack: Lunar Eclipse Melody,ダッシュ攻撃：月蝕みのシンフォニー
Dash Attack,ダッシュ攻撃
Lunar Eclipse Melody,月蝕みのシンフォニー
Dodge Counter: Umbrella Waltz,回避反撃：アンブレラ・ワルツ
Umbrella Waltz,アンブレラ・ワルツ
Quick Assist: One Luminous Sky,クイック支援：一面の花火
One Luminous Sky,一面の花火
Evasive Assist: Two Hearts,回避支援：二人は寄り添い
Two Hearts,二人は寄り添い
Vital View,極限視界
Assist Follow-Up: Three Lifetimes of Fate,支援突撃：三世に渡り巡り合う
Three Lifetimes of Fate,三世に渡り巡り合う
energy beam,エネルギービーム
DMG,ダメージ
active character,操作しているメンバー
skill,スキル
Harumasa,悠真
Basic Attack: Interlude,『通常攻撃：インタールード』
Basic Attack: Chorus,『通常攻撃：コーラス』
"Special Attack: ""Windchimes & Oaths""",『特殊スキル：風鈴といつかの約束』
Basic Attack: Finale,『通常攻撃：フィナーレ』
Basic Attack: Ha-Oto no Ya,『通常攻撃：甲乙の矢』
Dash Attack: Hiten no Tsuru - Slash,『ダッシュ攻撃：飛天の弦・斬』
Ha-Oto no Ya,甲乙の矢
Hiten no Tsuru - Slash,飛天の弦・斬
Assist Skill,支援スキル
Quick Assist,『クイック支援』
Perfect Dodge,『極限回避』
Defensive Assist,『パリィ支援』
Evasive Assist,『回避支援』
Precise Assist,『精密支援』
Idyllic Cadenza state,「アイドリック・カデンツァ」状態
Anti-Interrupt Level,中断耐性レベル
Damage Taken,被ダメージ
Invulnerable,無敵効果
active character,操作しているエージェント
attack,攻撃
Tremolo,「ビブラート」
EX Special Attack,『強化特殊スキル』
Tone Clusters,「トーンクラスター」
Maximum,『Maximum』
initial ATK,開幕攻撃力
Attack character,強攻
Anomaly character,異常
Electro Prison,「囚電」効果
Electro Quiver,「電壺」
Electro Blitz,「電閃」
Skill Level,スキルレベル
on-field enemies,フィールド上の敵
Attribute Anomalies,状態異常
Electric RES,電気属性ダメージ耐性
Cloud Piercer,浮雲貫き
Electro Quivers,電壺
Drift,射形変え
Falling Feather,羽落とし
Attribute Anomaly,状態異常
Electro Prison,囚電
X-Marked,十文字
Quick Flash,瞬閃
Hiten no Tsuru,飛天の弦
Hidden Edge,隠し剣
Slash,斬
Awakened state,醒覚状態
Braced Bow,弦通し
Yugamae,弓構
Nowhere to Hide,天羅
Nowhere to Run,地網
enhanced arrow,強化矢
Kai - Hanare,会・離れ
piercing attack,刺突攻撃
Zanshin,残心
Day Break,払暁
Gleaming Edge,才覚
stack,重
Overclock,定格超越
squad,チーム
Stun (character type),撃破
Anomaly (character type),異常
Stunned (status),ブレイク状態
Manato,真斗
Fire DMG,炎属性ダメージ
Assist Follow-Ups,支援突撃
Basic Attacks,通常攻撃
Molten Edge,焔刃
Fire RES,炎属性ダメージ耐性
Special Attack: Return to Ashes - Sacrifice,特殊スキル：帰燼・捨身
A-Cing,アオ
A-Yuet,ツキ
Yum Cha sin,飲茶仙
SailumeSadLoneGhost,泅瓏 GHOST
Hollow,ホロウ
incapacitation,戦闘不能
remaining HP,残りHP
Komano Manato,狛野真斗
Ethereals,エーテリアス
Blazing Heart,熱き心
Remnant Flame,残り火
Waifei Peninsula,衛非地区
Blazing Wind Slash,焔風斬り
Scorchwind,燼風
Blazing Wind - Misty Slash,焔風・朧斬り
slash,斬撃
Radiant Blade,耀刃
Radiant Blade - Zanshin,耀刃・残心
Radiant Blade - Battle Sweep,耀刃・撹乱
Lone Shadow - Regroup,孤影・帰陣
active character,操作メンバー
Lone Shadow - Mountain Stand,孤影・不動
on-field character,出場メンバー
Lone Shadow - Breaking Fang,孤影・断牙
consecutive slashes,連続斬撃
Return to Ashes,帰燼
enhanced,強化
Return to Ashes - Sacrifice,帰燼・捨身
charging state,チャージ状態
HP consumption,HP消費
Return to Ashes - Fall,帰燼・天墜
falling slash,落下斬撃
massive Fire DMG,大量の炎属性ダメージ
Blazing Eruption,熾烈な爆炎
agent,エージェント
explosion,爆発
Musou Aratama,無想荒魂
Qingyi,青衣
Zhu Yuan,朱鳶
Manager,店長
White Star Institute,ホワイトスター学会
Mighty Molten Edge Skill,焔刃の勢
Rekindled Heart,蘇る心
Eternal Seasons,千秋万歳
Basic Attack: Blazing Wind - Misty Slash,通常攻撃：焔風・朧斬り
Finishing Move,とどめの一撃
Arc Barrier,電弧障壁
Molten Edge state,焔刃状態
Flash Connect Voltage,閃絡電圧
Flash Connect State,閃絡状態
Flash Connect,閃絡
Subjugation,征服
shield,シールド
Adrenaline Generation Rate,アドレナリン回復効率
Stun DMG Multiplier,ブレイク弱体倍率
Interrupt Level,中断レベル
Resistance to all Attribute DMG,全属性ダメージ耐性
DMG received,被ダメージ
DMG dealt,与ダメージ
Skill Damage,スキルダメージ
Support,支援
Stun character,撃破
stacks,重
combo count,コンボ
accumulation rate,蓄積効率
Swan Song,雁の聲
Breach,入破
upward slash,打ち上げ攻撃
Lingering Sentiments,意、不尽
downward strike,落下攻撃
Wind Through the Pines,風入松
launched,吹き飛ばされ
Graceful Embellishment,錦上の花
Song of the Clear River,清江引
Sunlit Glory,昼錦堂
downward smash,振り下ろし攻撃
Moonlit Begonia,月上海棠
series of strikes,連続攻撃
powerful downward smash,強力な振り下ろし攻撃
combo hits,連続攻撃できる回数
3rd-hit,3段目
Tranquil Serenade,太平令
series of powerful strikes,強力な連続打撃
large area,広範囲
Eight Sounds of Ganzhou,八声甘州
Finishing Strike,とどめの一撃
applies,付与する
stacking up to 20 times,最大20重まで
rush attack,突進攻撃
normal enemies,通常エネミー
elite enemies,精鋭エネミー
double the stacks,重数が2倍になる
resets,リセットされる
Three Verses of Farewell at Yang Pass,陽関三畳
Attack-type character,[強攻]のメンバー
faction,陣営
Impact,衝撃力
maximum,最大
Orphie & Magus,オルペウス＆「鬼火」
Zeroed In,フォーカス
Aftershock,追加攻撃
Tactics Manual,戦術マニュアル
Tactics Manual: Orphie's Special Extension,戦術マニュアル・オルペ・スペシャル
Captain,隊長
Ultimate: Dance With Fire,終結スキル：灼炎と舞う
commemorative coin,記念コイン
River of the underworld,冥府の川
squad,小隊
Soldier 11,11号
Trigger,トリガー
fire blade attack,炎刃攻撃
Bottled Heat,蓄炎
low firepower phase,低火力期間
Boiling Pierce,煮えたぎる刺突
Blazing Chamber,熱血全開
Corrosive Flash,蝕光一閃
Watch Your Step,足元注意
Crimson Vortex,灼紅の渦
Heat Charge,蓄熱チャージ
Fiery Eruption,烈炎噴射
Overheated Barrel,過熱銃身
Dance with Fire,灼炎と舞う
Taming Wind and Fire,風と炎を御して
Forged in Flames,溶炉鍛心
DMG taken,受けるダメージ
Aftershock DMG,追加攻撃ダメージ
Energy Regen,エネルギー自動回復
High-Pressure Flamethrower,高圧火炎
Evelyn,イヴリン
Binding Seal,纏わりつく牽制
Bound,束縛
Binding Sunder - First Form,縛裂式・I型
Binding Sunder - Final Form,縛裂式・終型
Accumulate,溜まる
Burning Embers,燎火
Burning Tether Point,燎索ポイント
Chain Attack DMG,連携スキルによるダメージ
Consume,消費
Follow-up attack,追撃
Garrote,絞式
Hold,長押し
Lunalux Garrote,輝夜の糸・弦
Max HP,HP上限
Passive,パッシブ
Press,押す
Primary Target,メインターゲット
Refresh,リセット
Shadowstring Edge,糸の鋒鋩
Skill,スキル
Trigger,発動
Piper,パイパー
Sons of Calydon,カリュドーンの子
Dance of Awakened Fire,炎舞覚醒
Burning Tether Points,燎索ポイント
primary target,メインターゲット
Power,動力
movement speed,移動速度
downward smash,落下攻撃
Three Gates Industries,スリーゲート
squad member,メンバー
duration limit,最大継続時間
Charge and slash,突進斬撃
Tire Spin,タイヤくるくる
One Trillion Tons,億劫な重さ
Engine Spin,エンジンぶんぶん
Really Heavy,兆、重たい
Buckle Up,シートベルト！
Hold~ On~ Tight~,しっかり掴まってろ～！
Assist Attack,支援攻撃
Intense Heat Stirring Method - Double Shot,ヒートシェイキング・メソッド・ダブル
Power Charge,パワーチャージ
Synced Acceleration,一緒に飛ばそうぜい
skill duration,スキルの継続時間
character,エージェント
enemies,敵
Physical Anomaly Buildup Rate,物理属性の状態異常蓄積効率
Heat,着火点
battlefield,フィールド
Afterburn effect,「エンバー」効果
Fire Anomaly Buildup,炎属性の状態異常蓄積値
Thermal Penetration,「貫く熱意」
allied unit,味方
PEN Ratio,貫通率
flame spray duration,火炎噴射の継続時間
Burnice,バーニス
Caesar,シーザーちゃん
New Eridu,新エリー都
Steeltusk,アイアンタスク
ice,氷
intense chill,究極の冷静
intense heat,究極の情熱
Fire and Ice,火と氷
Afterburn effect,エンバー効果
Burn effects,熱傷効果
Burned,熱傷状態
Burn DMG,熱傷ダメージ
Nitro-Fuel Cocktail state,スペシャルフューエル状態
charge,チャージ状態
energy,エネルギー
sidestep dodge,身躱し回避
Burn,熱傷
Intense Heat Stirring Method,ヒートシェイキング・メソッド
Fuel-Fed Flame,フューエル・フレイム
Glorious Inferno,炎のどんちゃん騒ぎ
Nitro-Fuel Cocktail,スペシャルフューエル
Mixed Flame Blend,フレイム・ブレンド
Fire Kindling,燃え広がる小火
Tsukuyomi Kagura,月夜見神楽
Yanagi,月城柳
Tsukishiro Yanagi,月城柳
Soukaku,蒼角
Section 6,対ホロウ6課
flames,炎
fire blast,炎の爆発
flame spray,火炎噴射
max,上限
Scorched,バーンド
Afterburn,エンバー
Anomaly Proficiency,異常マスタリー
Anomaly character,[異常]メンバー
Anomaly (type),異常
Anomaly (status ailment),状態異常
Clarity,洞察力
rapid thrust,高速突き刺し
Electric Anomaly Buildup,電気属性の状態異常蓄積値
Electric Attribute,電気属性
Special Attack button,特殊攻撃ボタン
thrust attack,突き刺し攻撃
downward attack,落下攻撃
Polarity Disorder,極性混沌
Disorder effect,混沌効果
Anomaly DMG,状態異常ダメージ
Exposed,暴露
guardian,後見人
Chief,課長
Shinrabanshou state,森羅万象状態
Shinrabanshou,森羅万象
EX Special Attack DMG,強化特殊スキル与ダメージ
Energy cost,エネルギー消費
stances,構え
Jougen,上弦
Kagen,下弦
forward slashes,斬撃
Physical Attribute,物理属性
stance switch,構え切り替え
Wandering Breeze,ながれ嵐
skill activation,スキル発動中
Fleeting Flight,掠め飛ぶ
Rapid Retaliation,速返し
stance,構え
Blade of Elegance,風花斬り
Radiant Reversal,流光の逆飛び
Weeping Willow Stab,飛絮の刺し
Switch stances,構えを切り替え
Ruten,流転
Swift Ruten,疾速の流転
Block,ガード
Gekka Ruten,月華流転
state,状態
Anomaly,状態異常
Celestial Harmony,月は星とともに
Raiei Tenge,雷影天華
Lunar Eclipse,月蝕
squad member,任意のメンバー
Gessou,月相
attribute,属性
Ben,ベン
reduced,減少
Block Counter,ガード反撃
additional DMG,追加ダメージ
Thirens,シリオン
invulnerable effect,無敵効果
counter,反撃
more DMG,与ダメージ増加
increased,増加
Debt Reconciliation,帳尻合わせ
strike,打撃
Missing Invoice,伝票の穴
Incoming Expense,経費で落とす
Accounts Settled,清算
Joint Account,共同取り立て
Risk Allocation,リスク分散
30s,30秒
8s,8秒
Blade Banner,刃旗激励
Blocking stance,ガード継続
Cashflow Counter,債「拳」弁砕
Complete Payback,債「拳」、利息付き弁砕
Contractual Agreement,契約合意
Don't Break Contract,債務不履行罰則
Ether devices,エーテル系装備
Ether energy,エーテルエネルギー
Ether-infused catalyst,エーテル物質
Fiscal Fist,債「拳」格付
Fly the Flag,旗挙げ
Guardian,守護
Group Set Meal,ケータリングセット
Oni Banner,戦鬼刃旗
R&D department,研究開発部
Signed and Sealed,押印、決裁
Skill level,スキルレベル
Vortex,渦潮
attendance meal allowance,出動手当の食事補助
buff duration,バフ効果の継続時間
cooling system,冷却装置
follow-up attack,追加打撃
late-night snacks,夜食
Frosted Banner,霜染の刃旗
Making Rice Cakes,餅つき
Grab a Bite,拾い食い
50/50,半分こね！
Away From My Snacks,おやつはあげないっ！
A Set for Two,2人前
Guarding Tactics,ディフェンス戦術
Sweeping Strike,巻き込み打撃
Cooling Bento,おべんとフーフー
Fanning Mosquitoes,ハエたたき
Rally!,しゅーごー！
Frosted Banner state,霜染の刃旗状態
Pudding Slash,カツ・モツ・斬！
Jumbo Pudding Slash,カツ・モツ・斬！大盛り！
Masked state,鬼面状態
buff,アップ効果
all squad members,メンバー全員
Salchow Jump,サルコウ・ジャンプ
Passion state,熱狂状態
Jane,ジェーン
Gnawed state,噛み傷状態
Disorder,混沌
Attribute Anomaly DMG,状態異常ダメージ
Passion Stream,熱狂フロウ
Dancing Blades,ダンシング・ナイフ
deal damage,ダメージを与える
consecutive attacks,連続攻撃
damage taken,被ダメージ
Aerial Sweep,空を掠める
Clearout,一掃
Flowers of Sin,罪悪の華
Final Curtain,フィナーレ
Insight,洞察
Flinch effect,畏縮効果
Sore Spot,痛点
Physical Anomaly Buildup,物理属性の状態異常蓄積値
Corin,カリン
young mistress,お嬢様
Ethereal,エーテリアス
chainsaw,チェーンソー
Pt,Pt
extended slash,持続斬撃
Charge,パワー
chainsaw detonation,チェーンソー起爆
Wipeout,お掃除開始
chainsaw slash attack,チェーンソー斬撃
Shoo!,『離』
Oopsy-Daisy!,『断』
Repeatedly press or hold,連打または長押し
Nope!,『捨』
detonating chainsaw,チェーンソーを起爆させ
Emergency Measures,応急処置
P—Please Allow Me!,わ、私がやります！
Quick Sweep,テキパキお掃除
Clean Sweep,強力清掃
Skirt Alert,スカートの裾に注意
spinning slash,回転斬撃
Sorry...,ごめんなさい…
small area,前方小範囲
"Very, Very Sorry!",も、申し訳ございません！
Hyperfocus,集中
Cleanup Assistance,お掃除ヘルパー
Stunned enemies,ブレイク状態の敵
dash dodge,ダッシュ回避
Hibernation Period,凍眠期
Seed,シード
Steel Charge,アイアンエナジー
entering the battlefield,フィールド入場時
Light Absorption Technique,吸光法
Besiege,包囲
Agent,エージェント
A Story of Sprouting,萌芽論
Fragrant Tune,芳香律
Decibel Generation Rate,デシベル値獲得効率
Ultimate DMG,終結スキルの与ダメージ
Seed Sr.,ビッグ・シード
Time to Bloom,開花刻
Theory of the Heart,有心説
laser beams,レーザー
Hollow Zero,零号ホロウ
Press  to activate,を押して発動
automatic dodge,自動回避
hold or press  to activate,を長押しまたは短押しして発動
mech,ロボット
charged punch attack,チャージパンチ攻撃
Basic Attack: Falling Petals - Downfall First Form,通常攻撃：落花・崩墜Ⅰ
Basic Attack: Falling Petals - Downfall Second Form,通常攻撃：落花・崩墜Ⅱ
accumulate,溜める
maximum value,最大
initial value,初期値
Pilots the mech,ロボットを操って
sweeping shots,掃射
jumping smash,落下攻撃
dash dodge,高速回避
Press  during a dodge to activate,回避時にを押して発動
steel wheels,電磁チャクラム
Press  during a Perfect Dodge to activate,極限回避後にを押して発動
barrage of lasers,連続レーザー攻撃
Barrage of Raining Flowers,花嵐斉射
active character,操作中メンバー
Sprouting Barrier,咲き始めの障壁
Crimson Core Burst,紅く爆ぜる花芯
Withered in Frost,蒼霜の零落
Raining Iron Petals,鉄萼の雨
flight mode,飛行モード
Tempest of Frosty Petals,ヘイル・ストリーム
Clockwork Garden - Bloom!,機巧ガーデン・開花！
Flower Chain Protocol,フローラ・プロトコル
Attack Character,[強攻]メンバー
Vanguard,正規兵
Onslaught,強襲
Direct Strike,対攻
buffs,バフ効果
inactive,控え
off-field,退場
entering the battlefield,フィールド入場
Surprise Strike,思いがけない援軍
Anby,アンビー
Electric Agents,電気属性メンバー
Hollow Raider,ホロウレイダー
Cunning Hares,邪兎屋
Turbo Volt,ボルトターボ
Thunderbolt,落雷
Slide,スライドステップ
Taser Blast,電弧斬り
Thunderclap,迅雷
Thunderfall,雷呼
Flash,電光一閃
Lightning Whirl,スピニングサンダー
Fork Lightning,電光斬り
upward slash,打ち上げ斬撃
Lightning Bolt,蒼雷斬り
Electro Engine,ソレノイドエンジン
small area,小範囲
Overdrive Engine,オーバードライブエンジン
falling attacks,落下攻撃
Fluctuating Voltage,波動電圧
Parallel Connection,並列回路
Shield of Firm Resolve,断固たる盾
shield value,シールド値
maximum limit,上限
Protector,守護者
Seth,セス
close-quarters arrests,近接逮捕術
Resolve,意気
Lightning Strike - Electrified,電撃ストライク・感電
Thundershield,迅雷シールド
officer,治安官
Lightning Strike,電撃ストライク
Electrified,感電
Evasion Maneuver,障害物回避
Thunder Assault,電光の如き強襲
shield attack,シールド攻撃
Damage received,被ダメージ
Retreat to Advance,進撃のための後退
Thunder Shield Rush - High Voltage,電光シールドラッシュ・高電圧
Armed Support,武力支援
Public Security Ruling,裁くは治安の名のもとに
Thunder Shield Rush,電光シールドラッシュ
Final Judgement,最後の裁き
Justice Prevails,正義は必ず勝つ
High Spirit,意気揚々
Anomaly Buildup RES,状態異常蓄積耐性
all Attributes,全属性
target,ターゲット
Dreamer's Nursery Rhyme,夢巡りの童謡
enemy All-Attribute RES,敵の全属性ダメージ耐性
Lucia,リュシア
skill upgrade,スキルグレードアップ
Echo,エコー
Hollows,ホロウ
Ether,エーテル
black shield,クロタテ
Thana,タナっち
great armor,デカ腕マン
Harmony,合唱
Darkbreaker state,破暗状態
Night Emissary,夜魔の語り部
Avocaboo,アボカドボンプ
Devilboo,アクマデボンプ
Boollseye,ズバットボンプ
Dullahan,デュラハン
urban legend,怪談
forum,フォーラム
Ether Veil,エーテルベール
Scholar of Urban Legends,怪談学者
Public Security,治安局
Rules for Life in New Eridu,新エリー都生活条例
Alice,アリス
Akira,アキラ
Lynn,リン
initial Max HP,開幕最大HP
CRIT,会心
video store,ビデオ屋
Orbital Combo,星軌ラッシュ
Whim,随想
combat,接敵状態
Dream state,夢境状態
Dream Points,夢境値
Fading Silhouette,ティルトシャドウ
Refraction,ミラージュ
Stardust Echo,スターダストエコー
Ballad of the Long Night,長夜の詩篇
Bangboo,ボンプ
Calydon Boar Thirens,カリュドーンのイノシシたち
Captain Lucy,ルーシー隊長
"Charge, Great Armor!",突撃、デカ腕マン！
Crushing Mist,ミスティストライク
Dream state,夢境
Dreamer's Nursery Rhyme state,夢巡りの童謡状態
Ethereal figure,エーテリアスの幻
Grassy,ヘルパ
guard boars,親衛隊のイノシシ
Harmony of Painted Dreams,ドリームハーモニー
HP regeneration,HP回復効果
in combat,接敵状態中
Lost Nocturne,迷える夜の歌
Lucy,ルーシー
pulls in enemies,引き寄せ
Rupture,命破
Sons of Calydon Annual Report,「カリュドーンの子　年間業績報告」
Stage of Brilliance,ビビッド・シアター
Starlight Convergence,星光が集う地
Symphony of the Reaper - Daybreak,死神協奏曲・暁
Symphony of the Reaper - Storm,死神協奏曲・嵐
Voice of Illusory Dreams,ドリームコール
Woody,アルポル
guard boar,親衛隊のイノシシ
Crimson Mane Guard,赤鬣親衛隊
Solid Hit!,ヒット！
Home Run!,ホームラン！
Grand Slam!,満塁ホームラン！
Walk-Off Home Run!,サヨナラホームラン！
Batter Up!,打席に立て！
Line Drive,ライナー
Fly Ball,フライ
massive Fire DMG,炎属性ダメージを大量に
Cheer On! status,「かっとばせ！」状態
status,状態
allies,メンバー全員
squad members,味方
switch in,出場
attack frequency,攻撃頻度
[命破],[命破]
Lycaon,ライカン
Werewolf's Hour,人狼の刻
Stun,ブレイク状態
charged attack,チャージ攻撃
stack,重ね掛け
Moon Hunter,月下遊猟
power,威力
activate,発動
Suitable Positioning,弁えた所作
Keep it Clean,清潔を保つ
Etiquette Manual,礼儀の躾
Wolf Pack,群狼
Disrupted Hunt,狩りへの介入
Vengeful Counterattack,復讐の反攻
icicle,氷柱
Time to Hunt,狩人の刻
Thrill of the Hunt,人狼の刻
As You Wish,御意に
Mission Complete,使命を果たす
Metallic Paws,フルメタル・レッグ
Ice DMG RES,氷属性ダメージ耐性
Ice Attribute,氷属性
Elegant Predator,優雅なる狩人
Stun,ブレイク
combat,フィールド
Technique Points,術法値
Yixuan,儀玄
lightning strike,落雷
mystic arts,術法
Ether RES,エーテル属性ダメージ耐性
Ether Attribute,エーテル属性
Qingming Skyshade,青溟雲影
Stun state duration,ブレイク継続時間
Endless Talisman Suppression,術法千万
Condensed Ink,墨力
Qingming Eruption,青溟爆震
Ashen Ink Becomes Shadows,墨散影消
Basic Attack button,通常攻撃ボタン
Qingming Eruption - Break,青溟爆震・破
Special Attack button,特殊スキルボタン
Endless Talisman Suppression - Break,術法千万・破
calamity,災厄
yin and yang,陰と陽
Tranquility,静心
Cloud-Shaper,凝雲の術
transcend self and world,忘我の境地
Regulated Breathing,調和
Meditation state,凝神状態
"Tranquility to govern force, motion and calm coexist",静をもって動を制する
swift yet still,動と静の調和
Cirrus Strike,雲霄の型
Auric Ink DMG,玄墨属性ダメージ
Auric Ink Attribute,玄墨属性
Press,短押し
Ink - Veil Cloud Coalescence,墨影を雲に凝す
Grand Tai Chi Formation,太極陣法
DMG received,受けるダメージ
Auric Array,玄墨陣法
Auric Ink Point,玄墨値
Nimbus Step,碧空随行
Vital View state,極限視界
Hidden Cloud Technique,雲隠れの術
Skybreaker,凌雲・破壊の術
Auric Ink,玄墨
Light as Air state,軽身状態
Light as Air,軽身
resource pickup points,物資
Banishing Blow,祓いの一撃
series of attacks,連続攻撃
Cloudstream Shadow,流雲影身
Clear Sky Surge,清霄の型
Celestial Cloud Blitz,蒼穹突貫
Shadow-Ignition,灰滅影葬
Ink Manifestation,具現せし墨跡
Charge,チャージ
upward wing attack,翼による打ち上げ攻撃
Perfect Block effect,パーフェクトガード効果
negating the DMG,ダメージを無効化
Heavy Defensive Assist,パリィ支援・重
red flash,赤色閃光
yellow flash,金色閃光
flash,閃光
Talisman Attack,呪符攻撃
Celestial Cloud Blitz - Break,蒼穹突貫・破
Auric Ink Points,玄墨値
DMG over time,持続的にダメージ
fully charged,最大チャージ
energy orb,エネルギーボール
Auric Ink Rush,玄墨迅撃
explosive wing burst,翼を広げて爆発
Yixuan,儀玄イーシェン
Grandmaster of Mysticism,術法の第一人者
Auric Ink Anomaly Buildup,玄墨属性の状態異常蓄積値
Anomaly Buildup gauge,状態異常ゲージ
Anomaly,状態異常効果
Auric Ink Undercurrent,玄墨の暗流
Defense,防護
Perfect Assist,極限支援
Grace,グレース
gun barrel,薬室
grenade,手榴弾
Electric Anomaly Buildup RES,電気属性の状態異常蓄積耐性
Belobog Industries' Construction Safety Guidelines,白祇重工安全施工マニュアル
Electropulse Recycling Module,電磁パルス電源モジュール
Ether hamster,エーテルハムスター
Frosty Cold Iron Witch,冷たい鉄の魔女
Zap,電力
Belobog Heavy Industries,白祇重工
Electrical DMG,電気属性ダメージ
step shooting,ステップ射撃
Basic Attack combo,通常攻撃のコンボ
Safety Regulation,安全規程
Collaborative Construction,協同施工
Counter Volt Needle,反撃の電気針
Demolition Blast - Beware,発破作業中立入禁止
energy field,力場
Incident Management,ヒヤリハット対策
massive Electric DMG,大量の電気属性ダメージ
member,メンバー
Obstruction Removal,障害撤去
Pre-Driven Needle,プリドライバ撃針
Quick Inspection,抜き打ち検査
Rapid Risk Response,快速リスク対応
Shock effect,感電効果
Supercharged Obstruction Removal,規格外障害撤去
Tech Support Dept.,技術支援チーム
Violation Penalty,違反罰則
Nicole,ニコ
debuff,デバフ効果
squad member,ユニット
Etheric Matter,エーテル物質
strikes,打撃
reload,リロード
ranged strike,遠距離打撃
Window of Opportunity,虚に乗ずる
Sugarcoated Bullet,シュガーボム
Stuffed Sugarcoated Bullet,シュガーボム・サンド
pulls enemies,敵を引き寄せる
charge up,チャージ状態
bonus DMG,追加ダメージ
Ether Shellacking,高級エーテルボム
Ether Grenade,特製エーテルグレネード
other squad members,ほかの味方
next character to switch in,次に出場したエージェント
Mechanical Case,からくり箱
enhanced bullets,強化された弾
Hare of Many Burrows,狡兎三窟
all units,全ユニット
Depleted Qi,絶気
Yunkui technique,雲嶽の術法
meridians,経絡
qi,気勁
Pan Yinhu,潘引壺
secret,秘訣
Break Force,剛破
Touch of Death,断脈破穴手
paralyzes the body,体を痺れさせ動きを止める
meridians,経脈
sect,一門
ultimate technique,必殺技
pressure points,経穴
Panda Thirens,パンダのシリオン
surprise weapon,切り札
A Feast Fit for an Emperor!,ごちそうの極み！
HP recovery,HP回復効果
healing over time effect,HP持続回復効果
Backup Provisions,非常食備蓄
lose HP,HPを失う
instant HP recovery,即時HP回復
Dennies,ディニー
Thiren,稀なるシリオン
Yunkui Summit,雲嶽山
Meridian Flow effect,覚醒効果
Unyielding Strikes,連打の極意
melee attacks,体術攻撃
Light as a Swallow,身軽さ燕の如く
Sizzling Oil Supreme,熱油全開
Moving Mountains and Seas,天地一変
Lift Your Gaze to Good Fortune,仰げば招福
Intimidating Presence,見敵甲脱
Ride the Momentum,勢いを味方に
Sonic Pressure-Point Strike,爆音点穴
firecrackers,爆竹
Mountainous Pulse Strike,貼山震脈靠
Sheer Force bonus,透徹力ボーナス
Anointed with Wok Steam,料理人の気合
Iron Wok,鉄鍋
massive Physical DMG,大量の物理属性ダメージ
heal over time,HP持続回復効果
Meridian Enlightenment,気脈乾坤
Iron Stomach,パンダの胃袋
Rupture character,[命破]のメンバー
Depleted Qi effect,絶気効果
Koleda,クレタ
enhanced Basic Attack,強化された『通常攻撃』
Furnace Fire,溶炉昇温
Ether explosive,エーテル爆薬
Smash 'n' Bash,打ち砕いて、ぶちのめす
coordinated attack,協力攻撃
Wait 'n' See,今に見てな！
Tremble!,震えろ
enhanced Basic Attack,強化された通常攻撃
Belobog,白祇
Soul-Searching Gaze,虚を突く幽目
Harmonizing Shot,狙撃協奏曲
cooldown,クールタイム
Purge,絶意
continuous fire,連続射撃
charged counter,チャージ反撃
Sniper Stance,狙撃態勢
Maximum Purge,絶意の上限
Ether Vision,エーテル・サイト
Hunter's Gaze,狩人の眼
Ether fluctuation,エーテル波動
Homecoming,帰郷
Coordinated Support,共同戦線
Disconnect,断絶
Proxy,プロキシ
Armor Break Rounds,徹甲凶弾
underworld,冥界
river,河
Aftershock attack,追加攻撃
Delaying Demise,死線偏移
Piercing Thunder,射貫く霹靂
Spectral Flash,幽閃
Flash Burial,幽閃花葬
Stygian Guide,三途川の引導
Underworld Requiem,冥府の挽歌
Decibel Rate,デシベルレート
Base level,ベースレベル
Silver Lantern's Gaze,銀灯の霊眼
Shimotsuki Stance,霜月の構え
Fallen Frost,落霜
Frostburn,霜灼
Anomaly Buildup Rate,状態異常蓄積効率
Miyabi,雅
Hoshimi Miyabi,星見雅
Hoshimi school of swordsmanship,星見流剣術
Frostburn - Break,霜灼・破
Polar,極意
charge level,チャージ段階
charging,チャージ進捗
draw and slashes,抜刀斬撃
Frost DMG,霜烈属性ダメージ
follow-up attack,追撃
massive,大量に
Spring's Call,春来たる
Lingering Snow,なごり雪
Searing Cold,寒炎
Icefire,氷焔
Frost Anomaly Buildup,霜烈属性の状態異常蓄積値
Frost Anomaly Buildup Rate,霜烈属性の状態異常蓄積効率
Attribute Anomaly Buildup gauge,状態異常ゲージ
Freeze,凍結
Shatter,砕氷
Frostbite,霜寒
Attribute Anomaly,状態異常効果
Frostburn state,霜灼状態
Bask in Frost,霜雪を共に沐し
Accelerant,アクセレラント
debuffs,デバフ効果
Collapse effect,壊滅効果
Stun duration,ブレイク継続時間
Lighter,ライト
Morale,士気
light punch,開幕ジャブ
jab combo,ストレートラッシュ
Elation,高揚
Fighting Spirit,燃える闘志
Outer Ring,郊外
off-field,控え
Energy Regen,エネルギー自動回復効率
Morale Burst state,士気奮発状態
Morale recovery efficiency,士気の回復効率
heavy strike,重撃
Blazing Impact,インパクトファイア
Blazing Impact multiplier,インパクトファイアのダメージ倍率
L-Form Thundering Fist,L式グラウリング・フィスト
melee follow-up attacks,体術の連続追撃
DMG reduction effect,被ダメージダウン効果
Shadowed Slide,シャドーステップ
shuffle dodge,サイドステップ
Charging Slam,ムクロ・スラスト
Blazing Flash,ブレイジングドライブ
Blazing Flash - Guard,ブレイジングドライブ-守
Swift Break,スウィフト・ブレイク
Charging Slam - Stab,ムクロ・スラスト-刺
V-Form Sunrise Uppercut,V式サンライズ・アッパー
shuffle dodge,サイドステップ回避
combo,コンボ
V-Form Sunrise Uppercut - Full Distance,V式サンライズ・アッパー-フルストローク
Energy,エネルギー値
V-Form Scorching Sun,V式スコーチド・サン
W-Form Crowned Inferno,W式クラウン・インフェルノ
startup light punch,開幕ジャブ
Stunned duration,ブレイク継続時間
Swift Scissors,クイック鋏撃
Arctic Ambush,薄氷の急襲
Charged Scissor Strike,チャージ鋏撃
Flash Freeze Charges,急凍パワー
Ellen,エレン
Flash Freeze Charge,急凍パワー
Freezes,凍結
Stuns,ブレイク状態
Quick Charge,クイックチャージ
The Feast Begins (stack),盛宴
Charged Scissors strike,チャージ鋏撃
Roaming state,遊狩状態
Swift Scissors strike,クイック鋏撃
Frozen,凍結状態
Shatter,砕氷効果
Flash Freeze effect,急凍効果
Cold Snap,寒潮
dodge,回避
dashing slash attack,突進斬撃
Reef Rock,暗礁
cutting strike,鋏撃
Shark Sentinel,護衛シャーク
Quick Charge effect,クイックチャージ
Wavefront Impact,向かい波
Shark Cruiser,巡洋シャーク
skill duration,継続時間
repeatedly or hold,連打または長押し
Drift,尾びれビンタ
Tail Swipe,一掃
Sharknami,シャーク・トルネード
Avalanche,雪崩
ice storm,氷の嵐
Endless Winter,終わりなき冬の狂宴
Sharp-Toothed,口がおジョーズ
Potential Unlocked,ポテンシャル解放
Basic Attack: Frost Edge,通常攻撃：霜鋒
Basic Attack: Ice Blade Wave,通常攻撃：氷刃の波
Rising Storm,ライジングストーム
stack up to 10 times,最大10重まで重ね掛け可能
repeated triggers reset the duration,重複して発動すると継続時間が更新される
Break,撃破
Obsidian Division,オブシディアン大隊
Fire Suppression,火力鎮圧
enters combat,接敵状態になる
switches in,操作中のメンバーになる
trigger,発動
hit,段目
ignore,無視する
combat prowess,戦闘能力
Covering Fire,火力支援
Hold the Line,防衛ライン強化
Reignition,再燃
cross slash,交差斬撃
Raging Fire,烈火
Fervent Fire,燃え盛る烈火
Dash Attacks,ダッシュ攻撃
Uplifting Flame,滾る烈火
Bellowing Flame,轟く烈火
Heatwave,熱波
Fields of Fire,燎原
Walking Into the Orchard in Spring,春の果樹園へおいでよ！
Guard Feathers,羽の守護
Flight Feather,羽の浮遊
Disorder DMG,混沌ダメージ
Vivian's Prophecy,ビビアンの予見
Vivian,ビビアン
"Stormy Night, Stormy Night",あらしの夜よ、あらしの夜よ
Ether Anomaly Buildup Rate,エーテル属性の状態異常蓄積効率
Abloom,狂咲
Another and the Same,違うもの、同じもの
The Wind Between the Reeds,葦間の風
Fluttering Frock - Suspension,スカートフロート・悠落
Featherbloom,花咲き羽落つ
Repeated triggers,重複して発動
Sonnet,ソネット
dash,突進
area of effect,範囲
damage multiplier,ダメージ倍率
Noblewoman,淑女の作法
Fluttering Frock,スカートフロート
gain,獲得する
cancel,キャンセル
area attack,範囲攻撃
consume,消費
switch characters,メンバーを切り替える
exit state,状態を解除する
off-field,控えにいる時
store,所持できる
dash dodge,ダッシュで高速回避
forward thrust,突き刺し
Silver Umbrella Formation,銀傘のパレード
Featherblade Execution,裁決の羽刃
Flight Feathers,羽の浮遊
Fluttering Frock state,スカートフロート状態
Song of Silver Wings,銀翼のアリア
Violet Requiem,スミレの弔い
Noblewoman state,淑女の作法状態
Chorus of Celestial Wings,星翼のハーモニー
Soaring Bird's Song,鳥鳴讃歌
Dirge of Destiny,運命のエレジー
Ether Anomaly,エーテル属性の状態異常
Electric Anomaly,電気属性の状態異常
Fire Anomaly,炎属性の状態異常
Physical Anomaly,物理属性の状態異常
Ice Anomaly,氷属性の状態異常
additional Attribute Anomaly DMG,追加で状態異常ダメージ
Attribute Anomaly,任意属性の状態異常
Prophetic Tears,予見の涙
Anomaly character,異常メンバー
Guard Feather,羽の守護
Corruption DMG,侵蝕ダメージ
Corruption status,侵蝕状態
Drusilla,ドリシラ
Anastella,アナステラ
Rina,リナ
Mini Destruction Partner,ちょっとした壊滅のオトモ
Victoria Housekeeping Human Resource Management and Bangboo Training Insight Seminar,ヴィクトリア家政 人事労務講座・ボンプ育成の心得
Bangboo Callback,ボンプ回生
Beat the Blockhead,おバカをぶっ叩け
character on field,操作しているメンバー
Dimwit Disappearing Trick,おバカ消失魔法
Dress Adjustment,裾のシワを伸ばして
Duple Meter Allemande,二拍子のアルマンド
electrical vortex,渦状の電場
Head Maid,メイド長
perfection,完璧
Perfectionist,完璧主義
Quadruple Meter Gavotte,四拍子のガヴォット
ranged attack,範囲攻撃
seconds,秒
Shoo the Fool,マヌケを追い払え
squad,メンバー
Sudden Surprise,いきなりビックリ
Thunder,雷鳴
Triple Meter Courante,三拍子のクーラント
Victoria Housekeeping handbook,ヴィクトリア家政従業員ハンドブック
Whack the Dimwit,アホを痛めつけろ
Code of Conduct,侍者の心得
The Queen's Attendants,女王の侍従たち
Banquet of Perfection,完美なる舞踏会
Shock,感電
Caesar,シーザー
Radiant Aegis,栄光の盾
shield,盾
Attribute RES,全属性ダメージ耐性
Big Daddy,ビッグダディ
ATK boost,攻撃力アップ効果
EX Special Attack: Overpowered Shield Bash,強化特殊スキル：超強力シールドバッシュ
Assist Follow-Up,支援突撃：支える剣
Adrift,ドリフト
Hog Rush,猪突猛進
blocks,ガード
knocked back,後ずさりする
Retaliation,防御反撃
Roaring Thrust,轟きのスラスト
Overpowered Shield Bash,圧倒的シールドバッシュ
Eye For an Eye,牙には牙を
Lane Change,車線変更
Aegis Shield,イージスの盾
Aiding Blade,支える剣
spinning attack,回転攻撃
Shockwave Shield Bash,シールドバッシュ
Perfect Block,ジャストガード
negating the damage,ダメージを無効化
guard stance,パリィ態勢
Parry Counter,カウンターパリィ
Interrupt,看破
consume energy,エネルギーを消費
recover energy,エネルギーが返還される
impact,衝撃力
Road Rage Slam,ロードレイジスラム
Barrier of Resilience,堅固な壁
base Impact,開幕衝撃力
Battle Spirit,ほとばしる闘志
Billy,ビリー
buff effect,バフ効果
Crouching Shot,しゃがみ撃ち
Dead End,ここは通さない！
Debuff effect,デバフ効果
Finishing Shot,終結射撃
Full Firepower,出力全開
knocked back,ノックバック
launched,吹き飛ばし
on-field character,操作中のメンバー
Perfect Dodges,極限回避
Risky Business,危ねぇ危ねぇ！
Rolling Shots,身躱し射撃
Savage Smash,サベージスマッシュ
shielded enemies,シールドがある敵
squad members,メンバー
Starlight Knights,スターライトナイト
Starlight Sanction,スターライトジャッジメント
Fair Fight,フェアな決闘
Power of Teamwork,スターライト・絆の力
Flash Spin,ダッジステップ
Fatal Shot,急所エイム
Stand Still,大人しくしてろ！
in a line,直線範囲
Clearance Time,スイーパー・タイム
Starlight Mirage,スターライトグローリー
surrounding enemies,周囲の敵
"Starlight, Shine Bright",スターライト、ここに輝く！
Steady Shot,射撃姿勢
knocked back,ノックバックされる
Team Starlight,スターライト戦隊
Yuzuha,柚葉
Sweet Scare state,スイートパニック
forced Chain Attacks,強制連携スキル
Sugar Points,糖度ポイント
Kama,かまちー
Basic Attack,『通常攻撃』
Dodge,『回避』
Assist,『支援スキル』
Special Attack,『特殊スキル』
Chain Attack,『連携スキル』
princess,お姫様
kingdom,王国
gems,宝石
stones,石ころ
throne,玉座
Assist Follow-Up: Stuffed Hard Candy Shot,『支援突撃：ミックスキャンディーシュート』
Assist Follow-Up: We Have Cookies,『支援突撃：クッキーどぞ！』
Mindscape Film,心象映画
Main Story,メインストーリー
Season 2,シーズン2
Chapter 2,第二章
Delayed Flower Waves,遅れてきた波の花たちに
TOPS,TOPS
Inspection Team,調査監督チーム
Sugar Points,「糖度ポイント」
Basic Attack: Tanuki Cloak,『通常攻撃：狸の覆い』
powerful shell,強力な砲弾
Disorder DMG Multiplier,「混沌」ダメージ倍率
Sweet Scare,「スイートパニック」
Basic Attack: Sugarburst Sparkles - Max,『通常攻撃：スパークルキャンディー・極』
Baorong,パパ
Kaede,楓
Yum Cha Sin,飲茶仙
Faunus Quarter,ファヌス区
Sumire,菫
A-Wen,文
Basic Attack: Tanuki Claws,『通常攻撃：狸の爪痕』
defensive stance,防御態勢
Basic Attack: Hard Candy Shot,『通常攻撃：キャンディーシュート』
active characters,操作中のメンバー
Aftershock,『追加攻撃』
Basic Attack: Sugarburst Sparkles,『通常攻撃：スパークルキャンディー』
Attribute Anomaly Buildup,状態異常蓄積値
Anomaly DMG,異常ダメージ
Basic Attack: Tanuki Helper,『通常攻撃：狸の助け』
tanuki Kama,狸のかまちー
Dodge: Did I Scare You?,『回避：びっくりしたぁ？』
Dash Attack: You're Outta Luck!,『ダッシュ攻撃：ついてないね～！』
Time for Payback~,仕返し、はじめ！
Dessert Time,おやつの時間
Replenish Your Fun,はじける栄養バー
parry,パリィ
We Have Cookies,クッキーどぞ！
Tanuki Cloak,狸の覆い
Stuffed Hard Candy Shot,ミックスキャンディーシュート
Gummy Bombardment,グミ・ブラスト
Cavity Alert,虫歯注意報
"Cavity Alert, Right Now!",虫歯注意報、今がチャンス！
Flavor Match,十人十色
Sugarburst Sparkles,スパークルキャンディー
Sugarburst Sparkles - Max,スパークルキャンディー・極
Prank Assault,いたずら合戦
Surrender or Suffer the Mischief,トリック・オア・ギブ
Whimsical Wonder,ビビッド・カラフル
Tanuki Wish,狸の願い
ATK increase,攻撃力アップ
ATK bonus,攻撃力アップ効果
The More the Merrier,みんなで大騒ぎ！
Anomaly character,異常のメンバー
Anomaly Mastery,異常掌握
Attribute Anomaly DMG,属性の状態異常ダメージ
buff,効果
Polarized Assault,極性強撃
Blade Etiquette,剣儀
Assault DMG,強撃与ダメージ
Investigation Zone mode,探査モード
Enhanced Basic Attack: Celestial Overture,強化された通常攻撃：星儀のプレリュード
Thymefields,タイムフィールド
third-stage charged Basic Attack: Starshine Waltz,3段チャージの通常攻撃：輝く星のワルツ
Victory State,決勝状態
extra attack,追加の攻撃
Anomaly Buildup,状態異常蓄積
Assault effect,強撃効果
Attribute Anomalies,属性の状態異常
Physical,物理属性
members,メンバー
Attribute Anomaly,属性の状態異常
Aurora Thrust - Northern Cross,オーロラスラスト・北十字
Aurora Thrust - Southern Cross,オーロラスラスト・南十字
Binding Trap,囚縛
Cross Riposte,クロスカウンター
Hunter's Gait,猟歩
Intertwined Stab,オルタナスラスト
interruption resistance level,中断耐性レベル
Mystery Hunt,奇怪を探して
Parry Guard,カウンターディフェンス
Piercing Dawn,デイブレイクスラスト
Pulchra,プルクラ
Starfall Finale,降る星のフィナーレ
Starfall Intermission,星降るインタールード
Twin Rainbows of the Swordheart,双虹の剣心
Energy Cost,エネルギー
Aftershock DMG,追加攻撃
Ether particles,エーテル粒子
Press,押して
Hold,長押しして
during a dodge,回避時
Assist Point,支援ポイント
Rending Claw,バイトクロー
Nightmare Shadow,ナイトメア
Flashstep,フラッシュ
charged shot,チャージ射撃
Hunter's Instinct,捕食者の本能
Business Partner,ビジネスパートナー
Aftershock DMG,追加攻撃の与ダメージ
Soldier 0 - Anby,0号・アンビー
White Thunder,白雷
stacks,重数
Thunder's Cry,雷鳴
Azure Flash,蒼光
Silver Star,銀星
Proxy,プロキシ先生
Director's Cut,ディレクターズ・カット
Silver Squad,シルバー小隊
electromagnetic vortex,電磁の渦
surrounding enemies,周りの敵
Penetrating Shock,絶縁破壊
enemy,敵
Potential Unlock,ポテンシャル解放
Strobe,閃輝
Torrent,奔流
horizontal slash,水平方向の斬撃
Ground Flash Counter,対地放電
Enhanced Special Attack: Sky-Rending Extreme Lightning,強化特殊スキル：空を裂く極雷
Cloud Flash,雲間の一閃
Counter Surge,逆襲する電荷
Conducting Blow,先行導電
Dash forward,前方に突進
Celestial Thunder,星雷
Dash diagonally forward,斜め前方に素早く突進
cross slash,クロス斬撃
Silver Star mark,銀星の印
multiple hits,複数段
Thunder Smite,雷打
lightning strike,雷を落とし
enemies within range,一定範囲内の敵
EX Special Attack,特殊スキル
Sundering Bolt,蒼光・臨界
Leaping Thunderstrike,弾む落雷
Voltage Gap,電位差
Dealt DMG,与ダメージ
Silver Star mark,「銀星」の印
Thunderstrike,雷打
Voltage Surge,誘電分極
Ju Fufu,橘福福
Fufu,福福
Might,威風
Break,ブレイク
Tiger Thiren,トラのシリオン
Tiger's Roar,虎の咆哮
Momentum,威勢
mystic,修行者
evil spirits and demons,魑魅魍魎
senior,大姉弟子
hero,ヒーロー
Chain Attack DMG,連携スキルダメージ
high-speed spinning state,高速回転状態
popcorns,ポップコーン
combo,連続攻撃
Received DMG,被ダメージ
Tiger Seven Forms,悪虎の型
Flaming Claw,燃ゆる爪
Hu Wei,虎威
Tigerwind,風は虎に従う
Tiger Charge,虎奔
Mountain King's Game,大山の猛虎
Fire Attribute,炎属性
Reignited Mountain,轟々たる離火
Decisive Stomp,怒りて肉球を残す
Active Character,操作中のメンバー
Steadfast Crouching Tiger,不動の虎構え
On-field Character,出場中のメンバー
Feral Blazing Maw,獣の食らいつき
Mountain-Descending Tiger,山下り
Tiger Seven Forms Alt,悪虎の型・改
Mountain-Descending Savage Tiger,山下り・改
Tiger Cauldron Collapse,虎威の攻勢
popcorn,ポップコーン
Fiery Spin,高速回転状態
Raging Tiger Explosion,猛虎爆砕
Fu-rocious Might,虎の猛威
Ultimate DMG,終結スキルダメージ
Tiger's Roar state,虎の咆哮状態
Aura of Authority,威風堂々
Totalize,累算
Dark Abyss Reverb,深淵の反響
Blaspheme,涜神せしもの
Charged Shot,チャージ射撃
Hugo,ヒューゴ
shooting attack,射撃攻撃
Soul Hunter - Punishment,魂狩り・懲罰
Dark Abyss Quartet,深淵四重奏
shot,射撃攻撃
received damage,被ダメージ
Dark Abyss Concerto,深淵の協奏
Phantasm - Slash,シェード・斬
Elegy,レクイエム
scythe,鎌
Phantasm,シェード
Phantasm - Shatter,シェード・破
dashing attack,突進攻撃
Basic Attack DMG,通常攻撃ダメージ
ranged phase,射撃中
ranged retreat,射撃後の後退
The End Has Not Come,死はいまだ遠く
Ace Reversal,逆転の切り札
Dash forward,突進
Soul Hunter - Judgment,魂狩り・断罪
Trick of Fate,運命のトリック
Terminating Verdict,終末の裁定
Stun characters,[撃破]メンバー
Stun time,残りブレイク時間
Base level,Baseレベル
Prelude to Finality,終焉の序曲
Energy generation effect,エネルギー回復効果
Enhanced Shotshells,強化散弾
Janus Quarter,ヤヌス区
Public Security Officer Contest,治安官総合能力コンテスト
Public Security Officer,治安官
Suppressive Mode,制圧モード
Ether bullets,エーテル弾
corruption,侵蝕ダメージ
elite Public Security Officer,精鋭治安官
criminal,無法者
Special Investigation Team,特捜班
Ether Afterglow,エーテルの余熱
Ether Buckshot,エーテルのバックショット弾
Assault Mode,突撃モード
Buckshot Blast,バックショット
Ether Buckshots,エーテルのバックショット弾
Full Barrage,全弾連射
Eradication Mode,殲滅モード
Modified Master Firearm,完全変形した銃器
saturated attack,飽和攻撃
lasers,ビーム
seeking missiles,誘導弾
Max Eradication Mode,殲滅モードMAX
at Maximum,に達した時に
Special Ops Ammunition,特殊弾薬
additional,追加で
enters the battlefield,フィールド入場時
immediately,即座に
Tactical Coordination,武装間連携
Support character,[支援]のメンバー
10s,10秒
30%,+30%
